Country,Year,fertilityRate,lifeExpectancy,mortalityRate,popGrowth,ruralPopPct,gdpGrowthPct,gdpUS,gdpPerCapitaUS,gni,gniPerCapita,pop14under,pop15to24,pop25to64,pop65over,totalPop,happinessScore
Australia,2015,1.814,82.4,3.2,1.4392200000000002,14.299000000000001,2.35114,1349034029453.37,56644.03396,1587954000000.0,60440.0,4520.213,3172.395,12684.813999999998,3555.08,23932.502,7.284
Australia,2016,1.7519999999999998,82.44878,3.1,1.5619399999999999,14.2,2.8273099999999998,1208039015868.39,49937.73139,1622282000000.0,54180.0,4598.344,3155.24,12835.482,3673.6459999999997,24262.712000000003,7.313
Australia,2017,1.765,82.49756,3.0,1.68452,14.095999999999998,1.9575799999999999,1323421072479.07,53793.537260000005,1707621000000.0,51360.0,4687.067,3135.675,12974.858,3787.02,24584.62,7.28399991989136
Austria,2015,1.49,81.19024,3.0,1.12099,42.285,1.1429799999999999,381805676697.70703,44176.67174,340869100000.0,47490.0,1225.425,1008.434,4809.7,1635.101,8678.66,7.2
Austria,2016,1.53,81.64146,3.0,1.0814,42.095,2.03957,394052818287.78796,45103.32981,355831400000.0,46130.0,1239.55,1001.79,4851.920999999999,1654.04,8747.301,7.119
Austria,2017,1.53,81.64146,2.9,0.69462,41.906000000000006,2.55088,416835975862.193,47380.829639999996,368917000000.0,45360.0,1255.153,993.08,4899.717000000001,1671.951,8819.901,7.00600004196167
Belgium,2015,1.7,80.99268000000001,3.2,0.57945,2.124,1.71668,455837758493.34796,40431.95262,408776700000.0,44180.0,1919.4189999999999,1325.25,5995.378000000001,2047.8929999999998,11287.94,6.937
Belgium,2016,1.68,81.43902,3.1,0.5063,2.081,1.48868,469738715754.105,41454.52493,425082800000.0,42530.0,1932.148,1319.999,6016.255,2086.018,11354.42,6.928999999999999
Belgium,2017,1.68,81.43902,3.1,0.44881000000000004,2.039,1.69288,494763551890.776,43467.4459,444348700000.0,42050.0,1945.523,1313.102,6038.868,2122.255,11419.748,6.89099979400635
Canada,2015,1.5630000000000002,81.9,4.7,0.8327700000000001,18.741,1.00088,1552521512853.35,43327.17364,1955337000000.0,47380.0,5761.1990000000005,4648.731,19833.155,5783.590999999999,36026.676,7.4270000000000005
Canada,2016,1.5433,82.30051,4.6,1.19865,18.7,1.4141,1526953791566.99,42105.90006,1999405000000.0,43770.0,5784.173000000001,4620.4490000000005,19991.505,5986.816999999999,36382.943999999996,7.404
Canada,2017,1.4961,82.47049,4.5,1.21548,18.65,3.04735,1647120175449.13,44870.77616,2114408000000.0,42790.0,5829.397,4562.767,20153.331000000002,6186.6,36732.095,7.31599998474121
Czech Republic,2015,1.57,78.57805,2.5,0.19659000000000001,26.523000000000003,5.30924,186829940545.75897,17715.61685,4286153000000.0,18260.0,1602.315,1070.0639999999999,6021.299,1907.719,10601.396999999999,6.505
Czech Republic,2016,1.63,79.02683,2.6,0.19205,26.43,2.45054,195090272402.72897,18463.386580000002,4458906000000.0,17590.0,1614.725,1035.7830000000001,6001.571999999999,1966.777,10618.857,6.596
Czech Republic,2017,1.63,79.47561,2.6,0.26564,26.325,4.3526,215913545038.43,20379.89604,4735267000000.0,17960.0,1637.1629999999998,1004.0889999999999,5978.335999999999,2021.4460000000001,10641.034,6.60900020599365
Denmark,2015,1.71,80.70244,3.6,0.7064199999999999,12.474,2.34262,302673037998.602,53254.850589999995,2090395000000.0,60270.0,958.1560000000001,749.049,2897.9390000000003,1083.5510000000002,5688.695,7.527
Denmark,2016,1.79,80.85365999999999,3.7,0.7803899999999999,12.357999999999999,2.39968,311988101661.74396,54467.101429999995,2118148000000.0,56750.0,947.928,747.903,2906.2340000000004,1109.2839999999999,5711.349,7.526
Denmark,2017,1.79,81.00488,3.7,0.64335,12.243,2.26237,329865537183.471,57218.85196,2194349000000.0,55330.0,945.3489999999999,741.063,2918.926,1126.9360000000001,5732.274,7.52199983596802
Finland,2015,1.65,81.48049,2.0,0.32938,14.775,0.50066,232850788304.513,42494.65662,211472000000.0,46680.0,898.6110000000001,650.09,2822.802,1109.619,5481.121999999999,7.406000000000001
Finland,2016,1.57,81.42926999999999,1.9,0.28742,14.725,2.77193,239009517793.721,43493.41934,219175000000.0,45620.0,897.9889999999999,643.249,2813.448,1143.027,5497.713000000001,7.412999999999999
Finland,2017,1.57,81.42926999999999,1.9,0.23467,14.675,2.65253,252301837573.029,45804.65421,226487000000.0,44760.0,895.6619999999999,634.196,2808.762,1172.751,5511.371,7.468999862670901
France,2015,1.96,82.32195,3.5,0.41723999999999994,20.345,1.11291,2438207896251.84,36613.37522,2245908830000.0,41080.0,11828.716999999999,7546.8240000000005,32908.176,12169.483,64453.2,6.575
France,2016,1.92,82.52439,3.5,0.39924,20.083,1.17105,2465134297438.91,36870.21913,2276126310000.0,38980.0,11798.946000000002,7542.028,32856.042,12470.58,64667.596,6.478
France,2017,1.92,82.52439,3.5,0.36688000000000004,19.82,2.1611599999999997,2582501307216.42,38484.18992,2348480460000.0,38160.0,11742.866000000002,7544.275,32801.497,12753.871000000001,64842.509000000005,6.44199991226196
Germany,2015,1.5,80.64146,3.3,0.8657,22.8,1.7389700000000001,3381389338658.82,41394.65816,3114633000000.0,46020.0,10809.792,8664.76,44958.723,17354.136000000002,81787.411,6.75
Germany,2016,1.59,80.99024,3.2,0.8072199999999999,22.776,2.2422400000000002,3495162856297.22,42443.46507,3222405000000.0,44360.0,10944.346000000001,8666.214,45085.215,17497.993000000002,82193.768,6.994
Germany,2017,1.57,80.99024,3.1,0.40859,22.739,2.15711,3693204332229.78,44665.506369999996,3346282000000.0,43700.0,11118.125,8683.341,45191.611,17665.332,82658.409,6.9510002136230495
Greece,2015,1.33,81.03659,3.9,-0.65886,21.954,-0.43783,196591353761.226,18167.773719999997,177502740600.0,20320.0,1552.043,1086.327,5801.9130000000005,2219.467,10659.75,4.857
Greece,2016,1.38,81.3878,4.2,-0.41591000000000006,21.613000000000003,-0.19095,195222443512.93698,18116.459619999998,176494503700.0,18890.0,1523.839,1076.202,5772.16,2242.984,10615.185,5.033
Greece,2017,1.38,81.3878,4.3,-0.20845999999999998,21.276,1.5051,203085551429.132,18885.475980000003,180567906000.0,18340.0,1501.37,1067.646,5738.64,2261.794,10569.45,5.2270002365112305
Hungary,2015,1.45,75.56829,4.3,-0.23786,29.5,3.53643,123074092703.14099,12503.68207,32862766000000.0,13140.0,1412.775,1142.326,5514.736,1708.086,9777.923,4.8
Hungary,2016,1.53,76.06341,4.1,-0.29511,29.221,2.2808,126007978024.32,12839.58454,34609009000000.0,12940.0,1401.602,1115.558,5480.0509999999995,1755.764,9752.975,5.145
Hungary,2017,1.53,76.06341,3.8,-0.26586,28.938000000000002,4.13706,139761138102.757,14278.8745,36823641000000.0,12920.0,1398.396,1084.389,5439.445,1807.5929999999998,9729.823,5.32399988174438
Iceland,2015,1.8,82.46829,1.7,1.0419399999999999,6.3,4.46786,17344165907.2129,52428.595760000004,2182437000000.0,50150.0,67.082,47.157,170.71400000000003,45.29,330.24300000000005,7.561
Iceland,2016,1.74,82.20488,1.7,1.38808,6.265,7.3514800000000005,20716024757.4057,61757.94931,2395281000000.0,55120.0,66.921,46.512,172.03900000000002,46.733999999999995,332.20599999999996,7.501
Iceland,2017,1.74,82.20488,1.6,2.34558,6.227,4.02487,24488467010.4793,71311.78512,2560510853242.0,60500.0,66.844,45.688,173.623,48.238,334.39300000000003,7.50400018692017
Ireland,2015,1.85,81.45366,3.1,0.94485,37.461999999999996,25.11725,291092489805.942,61908.79452999999,201667082100.0,50390.0,1017.6110000000001,535.374,2504.345,595.095,4652.425,6.94
Ireland,2016,1.81,81.70488,3.0,1.12883,37.263000000000005,4.98758,302242900803.522,63558.697929999995,223150091400.0,53110.0,1021.582,545.749,2511.0660000000003,617.382,4695.779,6.907
Ireland,2017,1.81,81.9561,3.0,1.17045,37.053000000000004,7.2217899999999995,331430014003.047,68885.45038,234220940000.0,53370.0,1026.864,558.431,2525.975,642.009,4753.279,6.9770002365112305
Italy,2015,1.35,82.5439,3.0,-0.09638,30.435,0.92399,1832273032580.67,30170.5166,1643152300000.0,32960.0,8308.565999999999,5856.525,33117.244,13296.159,60578.494000000006,5.9479999999999995
Italy,2016,1.34,83.2439,2.9,-0.16988,30.145,1.14551,1869117192194.75,30829.528739999998,1693768200000.0,31820.0,8253.006,5854.51,33067.197,13488.347,60663.06,5.977
Italy,2017,1.34,83.2439,2.9,-0.14986,29.855999999999998,1.57176,1943835376341.56,32110.027260000003,1734675600000.0,31180.0,8175.8240000000005,5847.628000000001,32998.855,13651.393999999998,60673.700999999994,5.96400022506714
Japan,2015,1.45,83.7939,2.1,-0.10612,8.619,1.35382,4394977752877.82,34567.74568,552281300000000.0,38880.0,0.0,0.0,0.0,0.0,0.0,5.987
Japan,2016,1.44,83.98488,1.9,-0.11528,8.543,0.93819,4949273341993.88,38972.340639999995,555658900000000.0,38000.0,0.0,0.0,0.0,0.0,0.0,5.921
Japan,2017,1.43,84.09976,1.9,-0.16448,8.465,1.73455,4872415104314.68,38430.29124,565696300000000.0,38520.0,0.0,0.0,0.0,0.0,0.0,5.92000007629395
South Korea,2015,1.239,82.02439,3.0,0.5272899999999999,18.366,2.7902400000000003,1382764027113.82,27105.076230000002,1568383100000000.0,27250.0,7004.295999999999,6704.488,30578.784,6535.525,50823.093,5.984
South Korea,2016,1.172,82.27561,2.9,0.45132,18.438,2.9293,1414804158515.26,27608.24743,1646208900000000.0,27690.0,6881.7119999999995,6576.719,30724.882999999998,6800.143,50983.457,5.835
South Korea,2017,1.052,82.62683,2.8,0.42935,18.497,3.06277,1530750923148.7,29742.838860000003,1730461400000000.0,28380.0,6757.755999999999,6391.015,30869.642000000003,7078.0019999999995,51096.415,5.837999820709231
Luxembourg,2015,1.47,82.29268,2.2,2.35995,9.821,3.9159599999999997,57204400105.015,100428.36796,34863900000.0,74760.0,92.82,69.995,324.615,79.311,566.741,6.946000000000001
Luxembourg,2016,1.41,82.68536999999999,2.1,2.15531,9.54,2.4114299999999997,58961235412.2227,101305.52772,36190800000.0,71200.0,94.069,71.944,331.909,81.342,579.264,6.871
Luxembourg,2017,1.41,82.68536999999999,2.1,2.43098,9.273,1.54566,62316359824.1281,104498.73867,39199400000.0,70790.0,95.09100000000001,73.421,339.899,83.499,591.91,6.86299991607666
Mexico,2015,2.215,76.933,12.7,1.3349,20.715,3.28799,1170564619927.69,9298.24288,18093301026000.0,9840.0,33676.71,21969.9,58017.026,8194.622,121858.258,7.187
Mexico,2016,2.184,77.118,12.2,1.3017299999999998,20.423,2.8978599999999997,1077779580638.77,8450.494009999999,19597048395000.0,9100.0,33676.043,22048.118,59132.117,8477.098,123333.37599999999,6.778
Mexico,2017,2.153,77.305,11.5,1.2644,20.133,2.04147,1150887823404.18,8910.33318,21268712189000.0,8610.0,33614.044,22097.937,60280.058,8785.285,124777.32400000001,6.57800006866455
Netherlands,2015,1.66,81.50976,3.4,0.44322,9.827,1.95917,765264949780.999,45175.231889999995,690537000000.0,49810.0,2838.1490000000003,2072.824,8992.115,3035.4109999999996,16938.499,7.377999999999999
Netherlands,2016,1.66,81.56098,3.4,0.53218,9.365,2.19171,783528181704.567,46007.85292,697862000000.0,46900.0,2814.889,2065.655,8981.005,3119.7459999999996,16981.295,7.3389999999999995
Netherlands,2017,1.66,81.56098,3.3,0.5912,8.923,2.86883,830572618849.828,48482.76621,740070000000.0,46910.0,2783.5229999999997,2059.797,8979.353000000001,3198.6740000000004,17021.346999999998,7.3769998550415
New Zealand,2015,1.99,81.45683000000001,4.6,1.88905,13.659,4.43429,177620948761.31,38649.3785,246138000000.0,40830.0,921.561,658.293,2358.78,675.898,4614.532,7.2860000000000005
New Zealand,2016,1.87,81.61244,4.5,2.09936,13.6,3.47146,189285950470.754,40331.9591,262612000000.0,39520.0,922.9939999999999,655.072,2382.3160000000003,698.883,4659.265,7.334
New Zealand,2017,1.81,81.65854,4.4,2.12296,13.534,2.81945,204139049908.52,42583.08473,277478000000.0,38780.0,927.061,648.446,2405.731,720.796,4702.034000000001,7.31400012969971
Norway,2015,1.72,82.30488000000001,2.2,0.99508,18.909000000000002,1.97005,386663139402.70703,74521.56993,3247407000000.0,93080.0,934.0110000000001,674.8389999999999,2743.255,847.7310000000001,5199.835999999999,7.522
Norway,2016,1.71,82.40732,2.1,0.88097,18.515,1.18735,371344761904.762,70941.52527,3251144000000.0,81620.0,934.7639999999999,677.638,2767.1929999999998,871.3539999999999,5250.9490000000005,7.497999999999999
Norway,2017,1.71,82.50976,2.1,0.80767,18.129,1.9804400000000002,399488897844.046,75704.2487,3441558000000.0,76160.0,935.8660000000001,678.332,2790.493,891.635,5296.326,7.537000179290769
Poland,2015,1.32,77.45121999999999,4.2,-0.06663999999999999,39.722,3.83895,476970902628.57794,12556.35575,1736693000000.0,13340.0,5645.891,4479.201,21925.662,5983.325,38034.079,5.791
Poland,2016,1.39,77.85122,4.1,-0.04299,39.821999999999996,3.0626,471992087443.889,12430.6296,1783745000000.0,12670.0,5616.771,4303.742,21862.142999999996,6206.564,37989.22,5.835
Poland,2017,1.39,77.85122,4.0,0.01248,39.895,4.80575,526465839002.568,13863.54842,1910052000000.0,12730.0,5647.16,4122.252,21757.803,6425.965,37953.18,5.97300004959106
Portugal,2015,1.31,81.12439,3.0,-0.41413999999999995,36.486,1.82207,199420256049.689,19252.63495,174868051000.0,20440.0,1460.5639999999999,1087.167,5667.9490000000005,2152.6710000000003,10368.351,5.102
Portugal,2016,1.36,81.12439,3.1,-0.31546,35.914,1.9257400000000002,206275669201.91602,19977.39849,182176155000.0,19950.0,1432.859,1082.77,5624.859,2185.05,10325.538,5.122999999999999
Portugal,2017,1.36,81.12439,3.1,-0.24389,35.348,2.79505,219308128887.409,21291.43121,190363535000.0,19930.0,1406.141,1079.029,5585.387,2217.97,10288.527,5.19500017166138
Slovakia,2015,1.4,76.56341,5.0,0.09502999999999999,46.111000000000004,4.174869999999999,87769595120.4718,16182.303719999998,77150204000.0,17510.0,829.355,654.05,3188.6620000000003,763.544,5435.611,5.995
Slovakia,2016,1.48,77.16585,4.8,0.12892,46.193999999999996,3.12541,89848359304.5293,16544.22781,79704463000.0,16950.0,830.5060000000001,630.632,3189.156,791.709,5442.003000000001,6.077999999999999
Slovakia,2017,1.48,77.16585,4.6,0.15517999999999998,46.248999999999995,3.18834,95617670260.1144,17579.2594,83163701000.0,16650.0,835.584,607.265,3183.452,821.5989999999999,5447.9,6.09800004959106
Afghanistan,2015,4.802,63.288000000000004,54.9,2.94323,75.197,1.45131,19907111418.9938,590.07647,1233810310400.0,610.0,15443.806,7277.599,10839.201000000001,852.997,34413.602999999996,3.575
Afghanistan,2016,4.635,63.673,53.2,2.6891599999999998,74.98,2.26031,19046357714.4928,549.58276,1320724136100.0,570.0,15664.816,7559.9619999999995,11266.628999999999,891.625,35383.032,3.36
Afghanistan,2017,4.477,64.047,51.5,2.49079,74.75,2.66529,19543976895.4248,550.06846,1382270275800.0,560.0,15855.059,7822.871,11691.089,927.0939999999999,36296.113,3.7939999103546103
Albania,2015,1.714,78.17399999999999,8.3,-0.29120999999999997,42.566,2.22,11386931489.7968,3952.83078,1451382009300.0,4390.0,539.622,497.661,1488.2579999999998,364.972,2890.513,4.959
Albania,2016,1.713,78.345,8.1,-0.15988,41.57899999999999,3.35,11883682170.8236,4131.87234,1499158508000.0,4320.0,530.634,484.816,1497.015,373.973,2886.438,4.655
Albania,2017,1.71,78.495,7.8,-0.09197000000000001,40.617,3.83554,13038538300.2644,4537.57906,1565222434000.0,4320.0,519.967,471.69800000000004,1508.0710000000001,384.43300000000005,2884.1690000000003,4.64400005340576
Algeria,2015,2.839,75.86,21.4,1.9199599999999999,29.151999999999997,3.76347,165979277276.90698,4162.85218,16264306800000.0,4830.0,11404.93,6615.146,19378.442,2329.507,39728.025,5.605
Algeria,2016,2.7760000000000002,76.078,21.0,1.8254599999999999,28.541,3.3,160129866569.935,3943.49755,17353283000000.0,4370.0,11814.426000000001,6431.960999999999,19868.685,2436.32,40551.392,6.355
Algeria,2017,2.7089999999999996,76.293,20.6,1.73846,27.948,1.6,167555280113.181,4055.24721,18305582300000.0,3940.0,12267.586000000001,6242.096,20322.811999999998,2556.695,41389.189,5.872000217437741
Angola,2015,5.766,61.24100000000001,58.2,3.4280199999999996,36.554,0.94358,116193649124.475,4170.7303600000005,13241027545838.9,4520.0,13136.045,5384.299,8729.427,634.61,27884.381,4.033
Angola,2016,5.694,61.547,55.8,3.3675699999999997,35.851,-2.5801,101123851090.473,3509.60421,15688820326102.9,3770.0,13571.358,5563.88,9055.117,652.134,28842.488999999998,3.866
Angola,2017,5.622999999999999,61.809,53.8,3.31351,35.161,-0.14720999999999998,122123822333.73,4100.28979,19642138805193.1,3570.0,13999.871000000001,5754.414000000001,9394.825,667.6560000000001,29816.766,3.79500007629395
Argentina,2015,2.3080000000000003,76.415,10.2,1.00985,8.497,2.73116,594749285413.212,13698.293440000001,5843041183200.0,12510.0,10859.813999999998,7022.751,20571.369,4621.482,43075.416,6.574
Argentina,2016,2.293,76.577,9.7,0.98474,8.373,-1.82254,554860945013.62,12654.355,8008804972700.0,12150.0,10911.685,7025.388000000001,20846.378,4725.009,43508.46,6.65
Argentina,2017,2.2769999999999997,76.738,9.2,0.96147,8.251,2.85447,637430331479.469,14398.358769999999,10284353848000.0,13030.0,10952.11,7022.514,21133.952999999998,4828.563,43937.14,6.59899997711182
Armenia,2015,1.6219999999999999,74.445,12.5,0.36853,36.915,3.2,10553337672.9872,3617.93575,5255295806800.0,4030.0,587.452,419.961,1599.9160000000002,318.224,2925.553,4.35
Armenia,2016,1.6119999999999999,74.618,11.9,0.2693,36.918,0.2,10546135160.031,3605.74312,5175027274000.0,3770.0,594.869,400.555,1618.368,322.351,2936.143,4.36
Armenia,2017,1.604,74.782,11.3,0.19244,36.897,7.5,11536590635.8267,3936.7983200000003,5792556173500.0,3990.0,602.339,382.519,1633.16,326.77299999999997,2944.7909999999997,4.37599992752075
Azerbaijan,2015,1.94,71.921,23.4,1.19121,45.286,1.1,53074370486.0433,5500.31038,52302300000.0,6550.0,2201.096,1613.233,5256.405,552.011,9622.745,5.212000000000001
Azerbaijan,2016,1.9,72.02600000000001,21.9,1.11786,44.979,-3.1,37867518957.1975,3880.7387299999996,56448378000.0,4760.0,2252.661,1553.7020000000002,5361.531,568.149,9736.043,5.291
Azerbaijan,2017,1.9,72.123,20.5,0.98126,44.657,0.1,40747792237.9735,4135.1386,67106740200.0,4080.0,2292.745,1496.15,5466.721,589.7040000000001,9845.32,5.234000205993651
Bahrain,2015,2.056,76.76100000000001,6.5,2.6186700000000003,11.001,2.86197,31125851063.8298,22688.878240000002,11050584000.0,22660.0,286.027,180.65099999999998,873.288,31.885,1371.851,5.96
Bahrain,2016,2.033,76.9,6.4,3.8128,10.91,3.4709199999999996,32250132978.7234,22628.95679,11330420000.0,21390.0,290.718,188.093,913.582,33.399,1425.7920000000001,6.218
Bahrain,2017,2.009,77.038,6.3,4.6217,10.814,3.80352,35432686170.2128,23739.15717,12574690000.0,21200.0,296.447,192.215,969.97,35.444,1494.076,6.08699989318848
Bangladesh,2015,2.133,72.155,29.8,1.12014,65.692,6.55265,195078678697.23,1210.15885,16142043000000.0,1190.0,45748.817,30351.381,72181.76400000001,7974.314,156256.27599999998,4.694
Bangladesh,2016,2.104,72.48899999999999,28.3,1.08017,64.917,7.11349,221415188000.475,1358.77919,18326749000000.0,1330.0,45423.27099999999,30515.249,73925.537,8113.096,157977.15300000002,4.643
Bangladesh,2017,2.076,72.808,26.9,1.0489,64.142,7.28418,249723862487.36102,1516.51327,20607165000000.0,1470.0,45070.553,30664.326,75727.584,8222.961,159685.424,4.60799980163574
Belize,2016,2.51,70.384,12.8,2.11122,54.505,-0.58802,1806646250.0,4923.358920000001,3391676800.0,4430.0,116.133,75.544,160.106,16.617,368.4,5.956
Belize,2017,2.475,70.58800000000001,12.2,2.08385,54.398999999999994,1.43729,1862614800.0,4971.20164,3414389500.0,4390.0,116.126,76.789,165.50900000000001,17.345,375.769,5.955999851226809
Benin,2015,5.048,60.638999999999996,66.6,2.77298,54.305,2.0958099999999997,8291155880.59505,783.96308,4865000000000.0,860.0,4551.582,2098.709,3584.2990000000004,341.36199999999997,10575.952,3.34
Benin,2016,4.977,60.907,65.1,2.76353,53.771,3.96486,8573159696.6112795,788.5324400000001,5061555500000.0,820.0,4660.437,2157.572,3702.2859999999996,351.76800000000003,10872.063,3.484
Benin,2017,4.906000000000001,61.17100000000001,63.5,2.7523,53.232,5.83782,9246696923.66155,827.39368,5343852347100.0,800.0,4768.298,2217.649,3826.7329999999997,362.51800000000003,11175.198,3.65700006484985
Bhutan,2015,2.086,69.817,27.6,1.39889,61.321999999999996,6.64456,2059809919.89325,2616.01034,122981390000.0,2400.0,199.28400000000002,153.48,333.309,41.803000000000004,727.8760000000001,5.252999999999999
Bhutan,2016,2.051,70.197,26.5,1.30955,60.571999999999996,8.0221,2219675780.89539,2782.36797,136687950000.0,2520.0,197.015,152.297,344.353,43.043,736.7080000000001,5.196000000000001
Bhutan,2017,2.02,70.565,25.6,1.22652,59.833,4.6291,2528007911.35353,3130.2335399999997,150768530000.0,2660.0,195.482,150.578,355.329,44.174,745.563,5.01100015640259
Bolivia,2015,2.9210000000000003,68.756,30.0,1.5272299999999999,31.607,4.85719,33000198263.3864,3077.0262,220243124641.09,3000.0,3522.3309999999997,2087.845,4525.18,734.3739999999999,10869.73,5.89
Bolivia,2016,2.878,69.125,29.0,1.51005,31.261999999999997,4.26392,33941126193.9219,3117.33046,230242790987.85,3080.0,3528.3540000000003,2112.837,4629.359,761.2639999999999,11031.813999999998,5.822
Bolivia,2017,2.839,69.473,28.0,1.49248,30.92,4.195209999999999,37508642112.8799,3393.95582,251534284400.417,3130.0,3529.6240000000003,2137.424,4737.1720000000005,788.635,11192.855,5.82299995422363
Bosnia and Herzegovina,2015,1.345,76.735,5.2,-0.846,52.827,3.07682,16209702863.6235,4584.24255,28768309400.0,5050.0,0.0,0.0,0.0,0.0,0.0,4.949
Bosnia and Herzegovina,2016,1.36,76.911,5.1,-0.54291,52.482,3.14407,16911088173.7458,4808.636039999999,29981754900.0,4950.0,0.0,0.0,0.0,0.0,0.0,5.162999999999999
Bosnia and Herzegovina,2017,1.375,77.087,4.9,-0.27902,52.123999999999995,3.1862,18054854788.5214,5148.20852,31193846800.0,4910.0,0.0,0.0,0.0,0.0,0.0,5.18200016021729
Botswana,2015,2.7739999999999996,65.846,33.1,1.85598,32.845,-1.6979400000000002,14406496463.6055,6521.14613,143743559700.0,6680.0,740.482,400.115,898.7560000000001,81.363,2120.716,4.332
Botswana,2016,2.73,66.797,32.3,1.8416700000000001,32.067,4.3154900000000005,15648632361.5749,6954.14413,164017136100.0,6600.0,749.806,403.30800000000005,921.3430000000001,85.47,2159.927,3.9739999999999998
Botswana,2017,2.6830000000000003,67.618,30.8,1.8231099999999998,31.3,2.36008,17406565823.2986,7595.611140000001,174110099100.0,6730.0,759.404,408.30800000000005,947.25,90.118,2205.08,3.7660000324249303
Brazil,2015,1.74,75.28399999999999,14.0,0.8528,14.23,-3.54576,1802214373741.32,8750.223,5866347391671.83,10090.0,45844.252,34326.064,107917.041,16384.412,204471.76899999997,6.983
Brazil,2016,1.726,75.509,14.6,0.8175600000000001,13.958,-3.30545,1796275437087.99,8650.37637,6136492117126.17,8860.0,45457.97,34215.163,109374.90800000001,17115.012,206163.053,6.952000000000001
Brazil,2017,1.7109999999999999,75.723,13.2,0.7844899999999999,13.690999999999999,1.06386,2053594877013.22,9812.27853,6432354643815.85,8610.0,45066.347,34088.327000000005,110794.026,17885.123,207833.823,6.6350002288818395
Bulgaria,2015,1.53,74.61463,7.0,-0.63807,26.01,3.47119,50201314894.5817,6993.78348,86795434000.0,7480.0,1027.672,700.828,4029.937,1441.3039999999999,7199.741,4.218
Bulgaria,2016,1.54,74.8122,6.7,-0.70138,25.671,3.93676,53240950226.2443,7469.455640000001,93885175000.0,7580.0,1023.9010000000001,672.039,3994.9159999999997,1461.0970000000002,7151.953,4.217
Bulgaria,2017,1.54,74.8122,6.3,-0.73044,25.331,3.81125,58220973782.7715,8228.01157,102368193000.0,7860.0,1025.9289999999999,647.589,3954.6290000000004,1474.297,7102.444,4.71400022506714
Burkina Faso,2015,5.436,59.927,54.3,2.93969,72.47,3.89455,10419303761.3524,575.31445,5963038413600.0,630.0,8253.725,3610.1409999999996,5810.677,436.08099999999996,18110.624,3.5869999999999997
Burkina Faso,2016,5.353,60.361000000000004,52.6,2.91561,71.866,5.93414,10886363726.8422,583.8309,6223985470400.0,600.0,8463.142,3721.528,6012.36,449.327,18646.357,3.739
Burkina Faso,2017,5.271,60.77,51.2,2.89107,71.257,6.3021,12322864244.9183,642.03715,6938989018700.0,590.0,8671.796999999999,3837.881,6221.262,462.29400000000004,19193.234,4.03200006484985
Burundi,2015,5.781000000000001,57.093999999999994,45.9,3.0611,87.92200000000001,-3.9,3104394858.11518,304.37422000000004,4877193000000.0,260.0,4624.915,2065.264,3256.9120000000003,212.93900000000002,10160.03,2.905
Burundi,2016,5.697,57.481,44.1,3.1353299999999997,87.61200000000001,-0.60002,2959185295.3901896,281.18134,4894947000000.0,270.0,4778.513,2089.861,3395.671,223.95,10487.995,2.905
Burundi,2017,5.615,57.857,42.5,3.18076,87.294,0.5000100000000001,3172416146.3921,292.00521000000003,5476982000000.0,280.0,4932.302,2119.7329999999997,3538.223,236.761,10827.018999999998,2.90499997138977
Cambodia,2015,2.594,68.62,27.5,1.60353,77.812,7.03609,18049954289.4229,1163.18977,68927052860800.0,1060.0,4905.112,3197.948,6779.02,639.356,15521.436000000002,3.819
Cambodia,2016,2.56,68.98100000000001,26.3,1.56483,77.418,6.86309,20016747754.0192,1269.90724,76255944356000.0,1140.0,4948.931,3186.95,6959.138000000001,671.273,15766.292,3.907
Cambodia,2017,2.53,69.331,25.1,1.5299,77.02,7.09987,22158209502.6391,1384.42319,84252912607200.0,1230.0,5006.531,3142.867,7153.861999999999,706.1489999999999,16009.409,4.1680002212524405
Cameroon,2015,4.7780000000000005,57.582,58.2,2.6385400000000003,45.422,5.65146,30916218544.4404,1353.92449,18027082000000.0,1470.0,10068.777,4646.075,7947.624,635.8919999999999,23298.368,4.252
Cameroon,2016,4.708,58.073,56.6,2.6135900000000003,44.821000000000005,4.64848,32621535418.9031,1391.75188,19013838000000.0,1410.0,10303.610999999999,4751.607,8217.757,653.576,23926.551,4.513
Cameroon,2017,4.638999999999999,58.575,55.1,2.58806,44.223,3.54909,34922782310.6416,1451.86575,19943363000000.0,1370.0,10530.819,4867.145,8497.112,670.997,24566.072999999997,4.69500017166138
Central African Republic,2015,4.94,51.41,91.6,0.67777,59.723,4.79989,1583776805.9656801,348.38142999999997,940845640600.0,360.0,2031.129,930.329,1404.51,127.20200000000001,4493.17,3.678
Central African Republic,2017,4.796,52.89,87.6,1.39317,59.02,4.29994,1949411659.20453,418.41129,1137684000000.0,390.0,2051.951,978.308,1435.6229999999998,130.141,4596.023,2.69300007820129
Chad,2015,6.05,52.575,76.7,3.1909400000000003,77.485,2.76768,10945989471.6286,781.33106,6277768000000.0,890.0,6750.22,2851.542,4164.241,344.972,14110.975,3.667
Chad,2016,5.947,52.903,75.0,3.11409,77.32300000000001,-6.25553,10090922857.3905,698.2108900000001,5873727500000.0,740.0,6936.978,2953.6290000000004,4313.731,357.32199999999995,14561.66,3.763
Chad,2017,5.846,53.208,73.4,3.04904,77.142,-2.95377,9871247731.897871,662.50011,5670000000000.0,640.0,7118.026999999999,3058.574,4469.731,370.421,15016.753,3.9360001087188703
Chile,2015,1.785,79.315,6.7,0.8417100000000001,12.64,2.3052599999999996,243999477737.94,13736.635690000001,154931445181098.0,14310.0,3695.764,2811.699,9557.786,1904.104,17969.353,6.67
Chile,2016,1.774,79.52199999999999,6.6,0.82458,12.578,1.26587,250036180921.053,13960.894209999999,164499749697238.0,13590.0,3696.328,2798.565,9733.325,1980.85,18209.068,6.705
Chile,2017,1.766,79.732,6.3,0.8062,12.51,1.48991,277075944401.94104,15346.4497,172769784149373.0,13610.0,3698.5570000000002,2775.223,9929.466999999999,2067.192,18470.439,6.65199995040894
China,2015,1.617,76.092,9.2,0.5081399999999999,44.5,6.9002,11064666282625.5,8069.21302,68644961686280.0,7950.0,253990.008,186269.84699999998,835303.3609999999,131284.654,1406847.87,5.14
China,2016,1.624,76.252,8.6,0.5414800000000001,43.263999999999996,6.7,11190992550229.5,8117.267470000001,74114040000000.0,8250.0,254452.75199999998,180260.242,840722.315,138614.042,1414049.351,5.245
China,2017,1.631,76.41,8.0,0.55912,42.04,6.9,12237700479375.0,8826.9941,82501600000000.0,8690.0,254893.81,176118.35,843003.215,147006.416,1421021.791,5.2729997634887695
Colombia,2015,1.874,74.2,13.5,0.9097799999999999,20.236,2.95595,293481748240.779,6085.20998,788989562765929.0,7180.0,11656.662,8562.614,23644.821,3656.57,47520.667,6.477
Colombia,2016,1.8530000000000002,74.381,13.1,0.87679,19.892,1.9626099999999997,282856115393.175,5813.69452,847918062521171.0,6340.0,11584.06,8624.898000000001,24142.783,3823.3109999999997,48175.052,6.481
Colombia,2017,1.834,74.562,12.7,0.84364,19.554000000000002,1.78919,314457601859.523,6408.92001,903293091722585.0,5890.0,11521.648000000001,8680.085,24697.945,4010.1609999999996,48909.83900000001,6.35699987411499
Comoros,2015,4.42,63.473,54.9,2.3477,71.53,1.09996,988150249.5336901,1271.0570400000001,440039000000.0,1390.0,312.073,154.46200000000002,288.39599999999996,22.493000000000002,777.424,3.9560000000000004
Comoros,2016,4.3469999999999995,63.701,53.6,2.3111900000000003,71.381,2.1882,1024261820.6281,1287.4064,457927000000.0,1320.0,318.051,157.06,297.216,23.265,795.592,3.9560000000000004
Congo (Brazzaville),2015,4.721,64.112,36.9,2.52471,34.457,2.64649,8553154580.399509,1712.12115,5007032000000.0,2350.0,2047.0770000000002,892.196,1792.0729999999999,124.749,4856.095,3.989
Congo (Brazzaville),2016,4.6610000000000005,64.625,35.8,2.5723599999999998,33.999,-2.80002,9035848070.90357,1762.8099100000002,4968368000000.0,1770.0,2095.786,918.1460000000001,1837.276,129.78799999999998,4980.996,4.236000000000001
Congo (Brazzaville),2017,4.599,65.08800000000001,34.7,2.59829,33.541,-3.1,8701334800.219759,1654.0103199999999,4574779000000.0,1430.0,2143.64,947.166,1884.805,135.084,5110.695,4.29099988937378
Costa Rica,2015,1.8,79.634,8.2,1.0512299999999999,23.138,3.63173,54775994478.4981,11393.02842,27990388802838.5,10480.0,1073.771,821.738,2531.353,420.94199999999995,4847.804,7.226
Costa Rica,2016,1.7830000000000001,79.831,8.0,1.0227,22.265,4.24599,57157992434.219,11767.50425,29784263236850.7,10860.0,1070.537,811.3430000000001,2578.216,439.249,4899.345,7.087000000000001
Costa Rica,2017,1.768,80.03,7.8,0.99345,21.44,3.2804599999999997,57285984447.7113,11677.269040000001,31112379281148.6,11120.0,1068.07,799.827,2624.1609999999996,457.89599999999996,4949.954000000001,7.0789999961853
Ivory Coast,2015,4.976,53.053000000000004,67.8,2.52916,50.556000000000004,8.84287,39633467835.725,1715.1055199999998,18999881000000.0,1590.0,9885.341999999999,4771.327,7919.12,650.354,23226.142999999996,3.655
Ivory Coast,2016,4.9110000000000005,53.582,66.0,2.51035,50.119,7.97175,35389998638.9371,1493.50606,20867597000000.0,1640.0,10096.34,4904.334,8150.156999999999,671.883,23822.714,3.9160000000000004
Ivory Coast,2017,4.846,54.102,64.2,2.49574,49.674,7.702089999999999,37353276059.2518,1537.50403,21476799000000.0,1580.0,10304.484,5041.45,8397.376,694.16,24437.47,4.17999982833862
Croatia,2015,1.4,77.27561,4.1,-0.8241,43.845,2.4005900000000002,49490142433.1046,11773.264659999999,337415953600.0,12970.0,615.501,486.772,2315.947,814.654,4232.874,5.7589999999999995
Croatia,2016,1.42,78.02195,4.0,-0.69838,43.597,3.5361300000000004,51640880494.2725,12371.00216,340128616700.0,12360.0,607.364,477.115,2298.577,825.546,4208.602,5.4879999999999995
Croatia,2017,1.42,77.82683,3.9,-1.20061,43.333,2.92136,55213087270.6341,13386.512859999999,359020602600.0,12570.0,603.922,465.81699999999995,2275.61,837.508,4182.857,5.2930002212524405
Cyprus,2015,1.35,80.344,2.3,0.7501,33.054,1.9623,19680625485.1946,23217.48415,17970120000.0,26380.0,196.155,185.51,630.331,148.989,1160.985,5.689
Cyprus,2016,1.3430000000000002,80.508,2.2,0.78418,33.119,4.81219,20453761061.9469,24019.13787,18116400000.0,24660.0,197.44299999999998,179.263,639.908,153.57299999999998,1170.187,5.546
Cyprus,2017,1.338,80.67,2.1,0.80233,33.164,4.2314099999999994,22054225828.2623,25658.79966,19037240000.0,24070.0,198.618,174.175,648.627,158.25799999999998,1179.678,5.62099981307983
Congo (Kinshasa),2015,6.202000000000001,59.205,74.1,3.30042,57.26,6.916189999999999,37917704900.0794,497.62976,32526868028900.0,460.0,35334.818,14400.81,24208.068,2300.848,76244.54400000001,4.5169999999999995
Congo (Kinshasa),2016,6.112,59.621,72.1,3.2785300000000004,56.693000000000005,2.39938,37134799974.5225,471.63595,36719824391700.0,470.0,36515.647000000004,14890.921999999999,25002.781000000003,2379.777,78789.12700000001,4.272
Congo (Kinshasa),2017,6.018,60.031000000000006,70.0,3.25353,56.12,3.70085,37642482562.3205,462.77954000000005,54026625264700.0,460.0,37674.17,15415.872,25850.671000000002,2458.051,81398.76400000001,4.2800002098083505
Djibouti,2015,2.9130000000000003,62.26,54.5,1.65803,22.583000000000002,9.6838,1633741922.6873698,1761.6101600000002,295619614500.0,1740.0,279.297,177.519,417.73699999999997,39.44,913.993,4.369
Dominican Republic,2015,2.451,73.673,26.2,1.17082,21.434,7.03337,68802092020.9448,6534.90855,2967361397200.0,6320.0,2964.047,1926.513,4721.811,669.309,10281.68,4.885
Dominican Republic,2016,2.4219999999999997,73.861,25.6,1.13706,20.564,6.61221,72342967648.3354,6793.53813,3183522921500.0,6480.0,2966.848,1923.9289999999999,4811.44,695.5239999999999,10397.741,5.155
Dominican Republic,2017,2.392,74.048,25.0,1.10394,19.723,4.551819999999999,75931656814.657,7052.25884,3447140306700.0,6630.0,2970.0170000000003,1918.2220000000002,4901.565,723.3,10513.104,5.230000019073491
Ecuador,2015,2.5140000000000002,76.102,13.0,1.5056399999999999,36.602,0.09887,99290381000.0,6150.15596,97559590500.0,6000.0,4711.02,2990.639,7439.97,1070.391,16212.02,5.975
Ecuador,2016,2.4859999999999998,76.327,12.7,1.4799200000000001,36.466,-1.22638,99937696000.0,6099.3153,98092762600.0,5840.0,4734.092000000001,3026.447,7615.15,1115.427,16491.116,5.976
Ecuador,2017,2.458,76.551,12.5,1.45286,36.33,2.36839,104295862000.0,6273.48889,101941815400.0,5920.0,4760.597,3061.158,7796.831999999999,1166.774,16785.361,6.00799989700317
Egypt,2015,3.3110000000000004,71.304,20.1,2.11829,57.215,4.37202,332698041030.807,3547.71301,2402022898900.0,3310.0,30795.827999999998,16602.672,40327.432,4716.615,92442.54699999999,4.194
Egypt,2016,3.265,71.484,19.4,2.0167900000000003,57.268,4.34664,332927833278.038,3479.28125,2673008858200.0,3410.0,31777.147999999997,16619.068,41190.044,4860.813,94447.073,4.362
Egypt,2017,3.21,71.661,18.8,1.9297400000000002,57.295,4.18122,235369129337.71103,2412.72708,3402647518200.0,3010.0,32574.004,16712.358,42152.852999999996,5003.376,96442.591,4.7350001335144
El Salvador,2015,2.101,73.267,13.4,0.4969,30.3,2.37763,23166030400.0,3669.8789899999997,22075300000.0,3430.0,1794.5479999999998,1298.751,2741.224,490.601,6325.124,6.13
El Salvador,2016,2.079,73.512,12.9,0.5095,29.499000000000002,2.58058,23912227500.0,3768.8377,22686830000.0,3490.0,1770.2879999999998,1295.296,2786.742,503.81699999999995,6356.143,6.068
El Salvador,2017,2.0580000000000003,73.75,12.5,0.52082,28.725,2.3226,24805439600.0,3889.30877,23357100000.0,3560.0,1753.261,1283.36,2833.7659999999996,517.739,6388.126,6.002999782562259
Estonia,2015,1.58,77.59024000000001,2.5,0.06555,31.584,1.90029,22904456871.8171,17412.448669999998,20197800000.0,18570.0,212.168,134.61700000000002,720.9689999999999,247.571,1315.325,5.428999999999999
Estonia,2016,1.6,77.64146,2.3,0.029110000000000004,31.436999999999998,3.4891,23984296770.8115,18228.05825,21193200000.0,18300.0,212.362,130.911,722.335,250.90200000000002,1316.51,5.517
Estonia,2017,1.6,77.64146,2.1,0.12107000000000001,31.283,4.85669,26611651598.9452,20200.37559,23148300000.0,18670.0,214.03,127.557,722.987,254.81599999999997,1319.39,5.61100006103516
Ethiopia,2015,4.317,65.03699999999999,44.2,2.54147,80.572,10.39246,64464547915.2698,645.46501,1292686340000.0,600.0,42527.398,21629.793999999998,33196.005,3482.261,100835.45800000001,4.512
Ethiopia,2016,4.198,65.475,42.5,2.50182,80.134,7.56177,73000980433.9486,712.87795,1536154800000.0,660.0,43224.175,22347.13,34434.031,3598.1259999999997,103603.462,4.508
Ethiopia,2017,4.081,65.874,41.0,2.4637,79.69,10.24581,80561496133.9172,767.56348,1795494100000.0,740.0,43890.818,23022.955,35775.102,3711.0490000000004,106399.924,4.46000003814697
Gabon,2015,3.85,65.685,37.4,2.86218,11.882,3.8789,14377324797.637,7448.715690000001,7797324892900.0,8040.0,707.65,365.527,803.8739999999999,70.635,1947.6860000000001,3.8960000000000004
Gabon,2016,3.786,66.105,36.1,2.53781,11.440999999999999,2.09144,14014369641.7689,7078.72954,7665279545400.0,7180.0,734.653,365.829,834.99,72.40100000000001,2007.8729999999998,4.121
Gabon,2017,3.72,66.48,35.1,2.2648599999999997,11.024000000000001,0.49532,15013950984.084,7413.795209999999,8191539792500.0,6650.0,760.312,366.17900000000003,864.316,74.016,2064.823,4.46500015258789
Georgia,2015,2.003,73.096,10.8,0.15748,42.552,2.88032,13993546747.7492,3756.37852,30884833634.6672,4110.0,763.2410000000001,519.7819999999999,2163.7329999999997,577.427,4024.183,4.297
Georgia,2016,1.996,73.26100000000001,10.2,0.059820000000000005,42.163000000000004,2.84897,14378016729.1587,3857.27631,32340782792.8998,3830.0,772.9960000000001,502.075,2158.215,582.164,4015.45,4.252
Georgia,2017,1.986,73.436,9.7,0.01339,41.769,4.83323,15081338092.2875,4045.41897,35806196042.5954,3770.0,782.867,485.404,2152.225,588.22,4008.716,4.28599977493286
Ghana,2015,4.042,62.448,38.9,2.27438,45.913999999999994,2.17821,49181854798.2552,1783.06109,176324252362.661,1960.0,10636.09,5498.774,10877.809,836.5319999999999,27849.205,4.633
Ghana,2016,3.984,62.742,37.2,2.23674,45.251000000000005,3.4477900000000004,55009730600.0307,1950.23438,210299013005.95,1840.0,10829.605,5592.584,11196.555,863.201,28481.945,4.276
Ghana,2017,3.926,63.033,35.7,2.19818,44.593,8.14345,58996776237.7603,2046.10999,244746771654.0,1880.0,11013.747,5690.845,11528.725,888.148,29121.465,4.11999988555908
Guatemala,2015,3.029,73.15,24.7,2.04427,50.028999999999996,4.14004,63767597193.9175,3923.57334,477442977800.0,3620.0,5888.528,3465.454,6165.898,732.549,16252.428999999998,6.122999999999999
Guatemala,2016,2.9730000000000003,73.40899999999999,23.9,2.01037,49.681000000000004,3.09248,68663653469.1246,4140.73763,510404882700.0,3800.0,5913.505999999999,3531.675,6376.358,761.5369999999999,16583.076,6.324
Guatemala,2017,2.92,73.654,23.1,1.97662,49.32,2.7603400000000002,75620095537.5005,4470.989570000001,545653796700.0,4060.0,5928.848000000001,3595.6279999999997,6596.113,794.3810000000001,16914.97,6.4539999961853
Guinea,2015,4.934,59.419,59.8,2.39392,64.859,3.81495,8794202409.5678,727.3025200000001,63889455000000.0,710.0,5148.298,2414.242,3540.335,329.213,11432.088,3.656
Guinea,2016,4.855,60.015,58.1,2.48623,64.54,10.45411,8694360304.563671,701.38864,76597309000000.0,740.0,5240.544,2493.494,3665.159,339.23199999999997,11738.428999999998,3.6069999999999998
Guinea,2017,4.777,60.617,56.4,2.55858,64.207,10.60432,10472514514.62,823.49372,97730733000000.0,790.0,5339.68,2574.847,3802.211,350.781,12067.518999999998,3.50699996948242
Haiti,2015,2.9730000000000003,63.055,56.1,1.30239,47.573,1.21122,8724656126.498491,814.5464,425352238800.0,810.0,3676.554,2139.468,4383.502,496.01800000000003,10695.542,4.518
Haiti,2016,2.9189999999999996,63.33,55.0,1.26424,46.604,1.45271,7970649131.234159,734.80259,484105677890.0,780.0,3685.868,2151.888,4489.518,512.696,10839.97,4.0280000000000005
Haiti,2017,2.8680000000000003,63.589,53.9,1.2268,45.653999999999996,1.1732799999999999,8408150517.976841,765.6839200000001,555433424600.0,760.0,3692.76,2165.2110000000002,4593.35,531.045,10982.366000000002,3.6029999256133998
Honduras,2015,2.5069999999999997,73.376,16.7,1.70643,44.835,3.8400800000000004,20979767785.2104,2341.2753199999997,428885115400.0,2090.0,3073.079,1932.609,3712.5240000000003,394.704,9112.916,4.788
Honduras,2016,2.4619999999999997,73.575,16.2,1.6824599999999998,44.187,3.75215,21643936938.9096,2375.09633,459570431700.0,2160.0,3059.403,1966.817,3832.9040000000005,411.671,9270.795,4.871
Honduras,2017,2.423,73.774,15.6,1.6563700000000001,43.543,4.7853,22978532896.7816,2480.12593,501022257500.0,2250.0,3049.823,1996.621,3952.528,430.041,9429.013,5.1810002326965305
Hong Kong,2015,1.196,84.27805,0.0,0.8512,,2.38785,309383627028.56104,42431.88828,2442656000000.0,41180.0,802.5,803.062,4489.141,1091.2930000000001,7185.996,5.474
Hong Kong,2016,1.205,84.22683,0.0,0.61937,,2.16292,320881182123.855,43737.04197,2553369000000.0,42970.0,811.1060000000001,778.846,4512.588,1141.002,7243.5419999999995,5.457999999999999
India,2015,2.352,68.30199999999999,35.3,1.16753,67.223,7.99625,2103587813812.2,1606.95269,136042577870300.0,1600.0,372623.06899999996,242349.879,621619.171,73560.284,1310152.403,4.565
India,2016,2.326,68.56,33.6,1.14821,66.818,8.16953,2290432075123.55,1729.70973,150773836949600.0,1680.0,369969.885,243895.766,633918.272,76733.326,1324517.249,4.404
India,2017,2.3040000000000003,68.803,32.0,1.12707,66.4,7.167889999999999,2650725335363.83,1979.3643,165872779170000.0,1790.0,367850.972,245212.11899999998,645519.145,80094.549,1338676.785,4.31500005722046
Indonesia,2015,2.3890000000000002,69.025,22.9,1.1810100000000001,46.687,4.87632,860854235065.0791,3334.54907,1.11439930341586e+16,3430.0,70928.717,44022.244000000006,129522.4,13909.895,258383.25600000002,5.399
Indonesia,2016,2.363,69.191,22.2,1.13749,46.011,5.0330699999999995,931877364177.7421,3568.83265,1.200471544e+16,3410.0,71228.821,44472.193,131406.113,14449.253999999999,261556.38100000002,5.314
Indonesia,2017,2.336,69.355,21.4,1.09538,45.341,5.06741,1015420587285.06,3846.41571,1.314590143e+16,3540.0,71230.546,44950.748,133432.33800000002,15037.331,264650.963,5.26200008392334
Iran,2015,1.686,75.73,13.8,1.2035200000000001,26.642,-1.32065,385874474398.59,4862.29973,1.14430303307934e+16,5340.0,18744.298,12493.476999999999,42695.85400000001,4558.585999999999,78492.215,4.686
Iran,2016,1.661,75.953,13.3,1.14879,26.12,13.396239999999999,418976679728.567,5219.10941,1.31921854e+16,5470.0,19121.494,12034.183,43702.445,4705.867,79563.989,4.813
Iran,2017,1.636,76.153,12.8,1.09684,25.605999999999998,3.7551900000000002,454012768723.589,5593.8537799999995,1.5345033e+16,5430.0,19561.677,11662.649,44577.899000000005,4871.657999999999,80673.883,4.69199991226196
Iraq,2015,4.427,69.672,26.7,3.12045,30.079,2.4776599999999998,177498577312.923,4914.72761,204506400000000.0,5810.0,13983.68,7203.249,13281.301000000001,1104.031,35572.261,4.677
Iraq,2016,4.37,69.862,26.0,2.96516,29.906,13.02415,170559560067.682,4584.617429999999,198781800000000.0,5380.0,14315.215,7372.297,13769.548,1153.572,36610.632000000005,4.575
Iraq,2017,4.309,70.038,25.3,2.84091,29.721999999999998,-2.07317,192060810810.811,5017.96806,222397200000000.0,4630.0,14560.891000000001,7530.689,14247.743,1213.458,37552.781,4.49700021743774
Israel,2015,3.09,82.05122,3.0,1.9812900000000002,7.821000000000001,2.56735,300470790394.92303,35855.27504,1157847888900.0,36160.0,2222.894,1181.713,3678.195,895.688,7978.49,7.278
Israel,2016,3.11,82.40732,2.9,1.96035,7.744,4.00789,319377923613.703,37371.62691,1215485212300.0,36460.0,2264.7070000000003,1200.98,3713.152,930.1460000000001,8108.985,7.267
Israel,2017,3.11,82.60244,2.9,1.9387299999999998,7.664,3.44461,353268411918.577,40543.58417,1258570277100.0,37440.0,2303.714,1222.695,3750.8109999999997,966.628,8243.848,7.212999820709231
Jamaica,2015,2.026,75.836,13.9,0.34346,45.167,0.90485,14145469269.456999,4925.41586,1599007000000.0,4690.0,711.1610000000001,539.7090000000001,1394.104,246.047,2891.0209999999997,5.709
Jamaica,2016,2.009,75.97,13.5,0.3275,44.902,1.38066,14072135208.5664,4883.86027,1676210000000.0,4600.0,706.329,534.82,1415.131,249.956,2906.236,5.51
Jamaica,2017,1.993,76.097,13.1,0.30993000000000004,44.622,0.97856,14781107821.7513,5114.04108,1833043000000.0,4760.0,701.419,528.198,1437.3120000000001,253.919,2920.848,5.31099987030029
Jordan,2015,3.445,74.182,15.5,3.8961300000000003,9.744,2.3917,37517410281.6901,4096.099270000001,26330261300.0,3890.0,3333.8109999999997,1791.1979999999999,3793.548,348.01800000000003,9266.575,5.192
Jordan,2016,3.378,74.329,15.1,3.18585,9.494,2.00373,38654727746.4789,4087.9375200000004,27228256700.0,3920.0,3388.133,1845.606,3959.2529999999997,361.29400000000004,9554.286,5.303
Jordan,2017,3.3089999999999997,74.476,14.6,2.5739900000000002,9.253,1.97002,40068308450.7042,4129.75166,28301999000.0,3980.0,3413.9109999999996,1890.191,4108.875,372.866,9785.843,5.33599996566772
Kazakhstan,2015,2.73,72.0,10.7,1.46148,42.809,1.2,184388432148.715,10510.77189,38436538200000.0,11420.0,4691.413,2618.831,9074.112,1187.66,17572.016,5.855
Kazakhstan,2016,2.73,72.3,9.7,1.42205,42.736000000000004,1.1,137278320084.17099,7714.841840000001,42545106200000.0,8800.0,4869.174,2497.002,9231.107,1233.618,17830.901,5.919
Kazakhstan,2017,2.73,72.95,8.9,1.36038,42.663999999999994,4.1,162886867831.694,9030.318809999999,47257067600100.0,7970.0,5047.012,2383.953,9358.715,1290.339,18080.019,5.8189997673034695
Kenya,2015,3.917,66.695,35.1,2.59934,74.342,5.71849,64007751187.8874,1355.05547,6217024000000.0,1310.0,19842.336,9707.246,17322.811,1005.943,47878.335999999996,4.419
Kenya,2016,3.852,67.032,34.3,2.56093,73.895,5.8692,70875223143.0362,1462.50374,7124731000000.0,1380.0,20063.034,9988.83,17932.137,1067.5330000000001,49051.53400000001,4.356
Kenya,2017,3.793,67.291,33.6,2.52311,73.438,4.87394,79263075749.2682,1594.83493,8111836000000.0,1460.0,20264.237,10291.614,18532.249,1133.042,50221.142,4.55299997329712
Kuwait,2015,1.986,74.577,7.5,3.9740699999999998,,0.59302,114567298105.68301,29109.06874,38292200000.0,40750.0,813.313,430.99300000000005,2510.013,81.27199999999999,3835.591,6.295
Kuwait,2016,1.97,74.694,7.2,2.92421,,3.5470099999999998,110912280701.754,27368.28668,37514400000.0,34890.0,842.701,430.57199999999995,2594.89,88.712,3956.875,6.239
Kuwait,2017,1.96,74.811,6.9,2.05021,,-2.86643,120126277612.925,29040.36371,42191300000.0,31430.0,868.916,429.659,2660.889,96.635,4056.099,6.10500001907349
Kyrgyzstan,2015,3.2,70.65122,19.8,2.05903,64.223,3.87583,6678178340.45121,1121.08284,413856124600.0,1180.0,1877.118,1094.766,2728.8959999999997,258.341,5959.121,5.2860000000000005
Kyrgyzstan,2016,3.1,70.95121999999999,18.8,2.03722,64.056,4.33586,6813092065.835071,1120.66651,451470487700.0,1110.0,1938.851,1071.562,2799.165,264.752,6074.33,5.185
Kyrgyzstan,2017,3.0,71.2,17.9,1.93365,63.865,4.58364,7564738836.041221,1220.4735,505581895000.0,1130.0,1991.898,1051.4360000000001,2873.258,273.14099999999996,6189.733,5.0040001869201705
Laos,2015,2.758,66.335,51.5,1.32279,66.892,7.269589999999999,14390391264.2607,2159.43315,112037273509400.0,2000.0,2265.853,1410.344,2806.3540000000003,258.613,6741.164000000001,4.876
Laos,2016,2.698,66.683,50.1,1.4064299999999998,66.264,7.02309,15805707154.2329,2338.69216,123721297800600.0,2150.0,2273.212,1410.8670000000002,2893.946,267.82099999999997,6845.846,4.876
Latvia,2015,1.7,74.48049,4.3,-0.81863,32.02,2.9717,26972863393.6384,13639.694119999998,24183816000.0,14950.0,301.535,211.768,1094.453,389.918,1997.674,5.098
Latvia,2016,1.74,74.58049,3.9,-0.91389,31.979,2.06438,27695474684.447002,14133.68295,24973160000.0,14580.0,300.653,197.0,1088.08,388.533,1974.266,5.56
Latvia,2017,1.74,74.68049,3.6,-0.8862200000000001,31.925,4.636480000000001,30463302413.7289,15684.558519999999,26846033000.0,14790.0,303.908,182.826,1077.396,386.967,1951.0970000000002,5.849999904632571
Lebanon,2015,1.72,79.40899999999999,7.2,4.33425,11.894,0.24333000000000002,49910270062.1559,8529.513659999999,74473153293700.0,8110.0,0.0,0.0,0.0,0.0,0.0,4.8389999999999995
Lebanon,2016,1.719,79.584,6.9,2.61757,11.734000000000002,1.7407400000000002,51483909754.8922,8571.12625,76379175530500.0,8120.0,0.0,0.0,0.0,0.0,0.0,5.129
Lebanon,2017,1.713,79.758,6.7,1.25221,11.571,1.5291,53576985686.6998,8808.58945,80010299722700.0,8400.0,0.0,0.0,0.0,0.0,0.0,5.22499990463257
Lesotho,2015,3.1430000000000002,53.745,70.5,1.3359999999999999,73.092,2.76666,2510312804.7673697,1154.35522,35593830044.7464,1320.0,687.7669999999999,423.92900000000003,848.462,98.863,2059.021,4.898
Lesotho,2017,3.0439999999999996,54.568000000000005,66.5,1.33051,72.27,-2.2863,2578265358.30386,1154.44425,38618217134.552,1210.0,689.817,420.7,879.1039999999999,101.913,2091.534,3.80800008773804
Liberia,2015,4.65,62.007,59.3,2.44961,50.18,,3177000000.0,706.05947,2897000000.0,630.0,1882.4260000000002,855.6469999999999,1592.104,142.053,4472.23,4.571000000000001
Liberia,2016,4.581,62.505,57.6,2.50636,49.746,-1.59958,3277826000.0,710.43601,2996826000.0,610.0,1917.424,885.048,1637.7,146.615,4586.787,3.622
Liberia,2017,4.513,63.006,55.9,2.52713,49.303000000000004,2.46863,3285455000.0,694.31958,2982565100.0,620.0,1950.4229999999998,916.6010000000001,1683.6629999999998,151.539,4702.226,3.5329999923706095
Libya,2015,2.312,71.77600000000001,11.4,0.49596999999999997,20.73,-8.862039999999999,27842131486.4054,4465.49037,40096652009.0232,5860.0,1852.8339999999998,1106.067,3187.362,272.052,6418.315,5.754
Libya,2016,2.274,71.934,11.0,0.9306700000000001,20.46,-2.79547,26221660076.2226,4166.630529999999,37468408011.8808,4700.0,1864.856,1096.121,3253.545,277.64,6492.161999999999,5.615
Libya,2017,2.235,72.11,10.6,1.28457,20.183,26.67587,38107728082.5817,5978.04293,53676446485.6087,5500.0,1878.099,1091.941,3325.7929999999997,284.89099999999996,6580.724,5.525000095367429
Lithuania,2015,1.7,74.32195,4.0,-0.94075,32.77,2.02063,41516701871.248,14291.90642,43900000000.0,15110.0,427.899,376.381,1579.7620000000002,547.8380000000001,2931.88,5.832999999999999
Lithuania,2016,1.69,74.67073,3.8,-1.2706899999999999,32.634,2.35318,42973365745.2891,14982.53305,42460000000.0,14800.0,423.086,351.84,1566.527,548.104,2889.5570000000002,5.813
Lithuania,2017,1.69,74.67073,3.4,-1.39832,32.484,4.13995,47544459558.9514,16809.648259999998,42930000000.0,15180.0,419.05800000000005,325.42400000000004,1551.74,549.192,2845.414,5.90199995040894
Madagascar,2015,4.2410000000000005,65.539,34.9,2.6945799999999998,64.807,3.1166099999999997,9744243531.20119,402.08831000000004,27481800310000.0,420.0,10091.893,4953.409000000001,8501.979,686.807,24234.088,3.681
Madagascar,2016,4.184,65.932,33.7,2.68887,64.14399999999999,4.17999,10001193315.1966,401.74227,30474754784600.0,400.0,10280.038,5110.168,8787.642,716.5219999999999,24894.37,3.695
Madagascar,2017,4.129,66.312,32.7,2.68058,63.478,4.17079,11499803806.5729,449.72238,34732295252000.0,400.0,10476.83,5262.243,9082.176,749.263,25570.512000000002,3.64400005340576
Malawi,2015,4.646,62.661,42.0,2.91437,83.68700000000001,2.8,6373212640.84604,362.6582,3082763641500.0,340.0,7550.125,3453.284,5300.483,441.411,16745.303,4.292
Malawi,2016,4.571000000000001,63.223,40.2,2.90482,83.494,2.4840400000000002,5433040159.88747,300.30775,3800283532700.0,320.0,7687.92,3555.4109999999996,5506.424,455.506,17205.261000000002,4.156000000000001
Malawi,2017,4.505,63.67100000000001,38.5,2.8902900000000002,83.286,4.000030000000001,6303292264.18905,338.48443,4499129213800.0,320.0,7827.345,3659.6420000000003,5715.1230000000005,468.086,17670.196,3.97000002861023
Malaysia,2015,2.056,75.143,6.5,1.62474,25.787,5.09152,296636282166.176,9655.13738,1126401000000.0,10450.0,7594.861999999999,5693.053000000001,15174.183,1808.864,30270.962000000003,5.77
Malaysia,2016,2.037,75.3,6.6,1.49932,25.16,4.223409999999999,296752886724.682,9515.19432,1196428000000.0,9860.0,7584.104,5672.528,15524.621000000001,1903.401,30684.654,6.005
Malaysia,2017,2.019,75.452,6.7,1.3914799999999998,24.553,5.89701,314710259510.743,9951.54415,1317027000000.0,9650.0,7572.05,5652.034000000001,15879.303999999998,2001.2579999999998,31104.646,6.08400011062622
Mali,2015,6.145,57.478,69.2,2.93398,60.00899999999999,5.96258,13099495529.7113,749.91795,7572845953000.0,790.0,8361.556,3334.486,5301.366999999999,441.369,17438.778000000002,3.995
Mali,2016,6.057,57.966,67.4,2.9719700000000002,59.217,5.8,14010787737.8424,778.60043,8086439442000.0,770.0,8597.276,3450.368,5464.728,453.07099999999997,17965.443,4.073
Mali,2017,5.968,58.456,65.8,2.99525,58.428000000000004,5.4,15334336143.644,827.0064,8709520994000.0,770.0,8834.653,3576.514,5635.691,465.57199999999995,18512.43,4.19000005722046
Malta,2015,1.37,81.89756,5.7,2.3864,5.586,9.62165,10554669617.5194,23715.53414,9142395594.11723,24640.0,61.68600000000001,53.59,236.812,81.471,433.559,6.3020000000000005
Malta,2016,1.37,82.45366,5.7,2.28862,5.52,5.230580000000001,11274020600.9269,24758.69562,9586714623.23789,23750.0,61.96,52.074,237.551,84.512,436.097,6.4879999999999995
Malta,2017,1.37,82.45366,5.6,2.73866,5.454,6.42249,12518134319.0893,26748.20741,10454112394.7598,23940.0,62.317,50.4,238.123,87.09299999999999,437.93300000000005,6.52699995040894
Mauritania,2015,4.736000000000001,63.082,55.8,2.8723099999999997,48.911,1.4,4844223106.95469,1158.2563699999998,1510541289000.0,1230.0,1639.0520000000001,786.613,1494.545,126.09100000000001,4046.301,4.436
Mauritania,2016,4.6739999999999995,63.238,54.5,2.79806,48.038000000000004,2.0,4739298730.42216,1101.90163,1625030970300.0,1130.0,1682.461,804.707,1546.3329999999999,130.032,4163.532999999999,4.2010000000000005
Mauritania,2017,4.612,63.38399999999999,53.3,2.73296,47.176,3.5,5024708655.99147,1136.76459,1768517315000.0,1100.0,1724.2720000000002,824.0210000000001,1600.2020000000002,134.075,4282.57,4.29199981689453
Mauritius,2015,1.36,74.35316999999999,12.8,0.13243,59.0,3.55306,11692287066.381,9260.4473,406896000000.0,9790.0,244.338,197.692,692.059,125.367,1259.4560000000001,5.477
Mauritius,2016,1.4,74.39488,12.2,0.06872,59.09,3.83795,12232463655.5727,9681.61857,432469000000.0,9790.0,238.514,196.69,694.8839999999999,131.77700000000002,1261.865,5.648
Mauritius,2017,1.44,74.51463000000001,11.6,0.09018999999999999,59.159,3.8184699999999996,13266427697.2513,10490.50397,463384000000.0,10130.0,232.12900000000002,195.13,698.7560000000001,138.484,1264.499,5.62900018692017
Moldova,2015,1.248,71.468,13.8,-0.06437999999999999,57.51,-0.4,6512885830.43282,1832.4951899999999,131223300000.0,2230.0,642.842,575.216,2443.5789999999997,409.06300000000005,4070.7,5.888999999999999
Moldova,2016,1.2409999999999999,71.61,13.5,-0.06062000000000001,57.489,4.5,6795731286.20042,1913.2374100000002,145084164000.0,2140.0,641.837,541.219,2459.437,423.51599999999996,4066.009,5.897
Moldova,2017,1.234,71.718,13.3,-0.07768,57.443000000000005,4.5,8128493432.07741,2290.23515,160664988400.0,2200.0,642.082,510.60400000000004,2464.119,442.879,4059.684,5.837999820709231
Mongolia,2015,2.793,69.087,16.1,1.79578,31.77,2.37984,11749620619.5962,3946.9620700000005,21251431655900.0,3850.0,865.4060000000001,503.781,1513.382,115.87,2998.4390000000003,4.874
Mongolia,2016,2.7569999999999997,69.28699999999999,15.4,1.68287,31.703000000000003,1.16839,11186734674.3847,3695.16485,21971134885900.0,3530.0,899.591,486.60400000000004,1550.3339999999998,119.835,3056.364,4.907
Mongolia,2017,2.713,69.465,14.8,1.58118,31.636999999999997,5.30167,11433635875.9316,3717.4733899999997,23970598596500.0,3270.0,932.572,471.673,1585.182,124.359,3113.7859999999996,4.95499992370605
Morocco,2015,2.526,75.57300000000001,21.8,1.40405,39.191,4.53638,101179808076.36,2863.8871,969055000000.0,3010.0,9614.554,6034.725,16803.944,2210.38,34663.602999999996,5.013
Morocco,2016,2.491,75.821,20.9,1.35123,38.64,1.12598,103345296966.607,2885.48753,994743000000.0,2880.0,9709.993,5985.383000000001,17134.332,2296.575,35126.282999999996,5.151
Morocco,2017,2.454,76.059,20.0,1.30336,38.092,4.08751,109708728848.535,3022.92792,1040255000000.0,2860.0,9767.979,5937.62,17472.73,2402.926,35581.255,5.2350001335144
Mozambique,2015,5.305,57.714,57.0,2.89142,65.6,6.59399,14798413628.4625,528.31305,579809702900.0,580.0,12282.518999999998,5382.206999999999,8593.074,784.202,27042.002,4.971
Mozambique,2017,5.178999999999999,58.872,53.3,2.8698799999999998,64.545,3.73696,12645508633.7664,426.22195999999997,779429408850.0791,420.0,12880.444,5784.42,9153.81,830.3439999999999,28649.017999999996,4.550000190734861
Myanmar,2015,2.23,66.464,41.1,0.9192,70.142,6.992839999999999,59687410896.5734,1138.99298,70439590643447.1,1210.0,14654.403,9574.412,25729.1,2722.8109999999997,52680.725999999995,4.3069999999999995
Myanmar,2016,2.207,66.612,39.9,0.91474,69.918,5.86247,63256184700.2223,1196.1032,77898569884930.7,1200.0,14497.163999999999,9633.981,26074.555,2839.5009999999997,53045.200999999994,4.395
Myanmar,2017,2.187,66.744,38.5,0.9136200000000001,69.678,6.75863,67068745521.3823,1256.66067,88283941636751.2,1210.0,14331.442,9692.474,26389.974,2968.633,53382.523,4.54500007629395
Namibia,2016,3.415,64.388,32.7,2.208,52.038999999999994,0.64165,11281259987.2185,4549.42164,162180298700.0,4700.0,869.456,488.344,912.8910000000001,87.353,2358.044,4.574
Namibia,2017,3.3539999999999996,64.85,31.8,2.1575,50.995,-0.94784,13253698014.7075,5230.7717299999995,173875963200.0,4570.0,886.1519999999999,488.04,940.291,88.15,2402.633,4.57399988174438
Nepal,2015,2.162,69.887,29.9,1.169,81.443,3.32291,21410840908.5198,747.16046,2164392074400.0,740.0,9010.435,5933.8730000000005,10573.94,1496.783,27015.031000000003,4.513999999999999
Nepal,2016,2.1180000000000003,70.253,28.8,1.13289,81.058,0.58868,21185922407.5922,730.98333,2287167403600.0,730.0,8812.265,6087.983,10836.323,1526.862,27263.432999999997,4.793
Nepal,2017,2.083,70.604,27.8,1.10565,80.664,7.90574,24880266905.4961,849.0110400000001,2673590421000.0,800.0,8659.118,6220.4169999999995,11187.841,1565.305,27632.681,4.961999893188481
Nicaragua,2015,2.231,75.149,15.9,1.1249799999999999,42.105,4.76861,12611087031.4931,2073.4979399999997,334315201200.0,1950.0,1946.406,1209.931,2771.281,295.622,6223.24,5.827999999999999
Nicaragua,2016,2.2,75.404,15.3,1.1101,41.91,4.65876,13184989877.5664,2143.92589,367129363300.0,2040.0,1948.201,1205.318,2842.579,307.876,6303.974,5.992000000000001
Nicaragua,2017,2.171,75.653,14.8,1.09405,41.701,4.86109,13814261535.5434,2221.80644,403401111400.0,2130.0,1950.4679999999998,1199.8210000000001,2911.9759999999997,322.58099999999996,6384.846,6.07100009918213
Niger,2015,7.29,59.667,51.6,3.83575,83.75299999999999,4.33707,7217667780.59665,362.7522,4178408000000.0,390.0,10033.891,3764.712,5687.925,515.135,20001.663,3.845
Niger,2016,7.239,60.058,49.9,3.8260699999999996,83.71,4.92593,7528285443.607691,364.16051,4367642000000.0,370.0,10427.109,3939.328,5885.119000000001,537.242,20788.798,3.8560000000000003
Niger,2017,7.184,60.422,48.3,3.8170900000000003,83.65,4.89344,8119710126.3489,378.05925,4623022732692.49,360.0,10821.256000000001,4123.054,6098.406,559.6659999999999,21602.382,4.02799987792969
Nigeria,2015,5.591,52.985,68.7,2.64036,52.162,2.65269,494583180777.234,2729.76278,92673618171900.0,2880.0,79936.869,34304.744,61940.733,4955.102,181137.448,5.268
Nigeria,2016,5.526,53.428000000000004,66.6,2.61903,51.317,-1.61687,404649527537.71295,2175.65628,100370320779900.0,2470.0,82019.705,35273.921,63560.138,5106.477,185960.241,4.875
Nigeria,2017,5.457000000000001,53.875,64.6,2.5987,50.481,0.80589,375745486520.656,1968.42552,111384943142500.0,2100.0,84009.266,36344.452000000005,65272.16099999999,5247.365,190873.24399999998,5.07399988174438
Oman,2015,2.737,76.801,9.6,5.85617,18.65,4.74125,68921456436.9311,16410.61297,25960315900.0,18130.0,931.722,625.685,2612.6679999999997,97.273,4267.348,6.853
Pakistan,2015,3.55,66.322,64.6,2.04541,63.974,4.73115,270556126820.064,1428.6376300000002,29117833000000.0,1430.0,71667.4,40596.642,78567.663,8595.259,199426.96399999998,5.194
Pakistan,2016,3.4810000000000003,66.48100000000001,62.9,1.99856,63.766000000000005,5.52674,278654637737.69,1442.28584,30858493000000.0,1500.0,72692.79,41083.104,81067.757,8787.702,203631.353,5.132000000000001
Pakistan,2017,3.4139999999999997,66.62899999999999,61.2,1.9540799999999998,63.558,5.70062,304951818494.06604,1547.85341,33707195000000.0,1580.0,73762.256,41524.54,83650.68,8968.733,207906.20899999997,5.26900005340576
Panama,2015,2.541,77.806,14.8,1.65788,33.304,5.73269,54091713775.5634,13627.69475,48743113775.5634,11740.0,1104.892,666.841,1896.844,299.91,3968.487,6.7860000000000005
Panama,2016,2.5140000000000002,78.001,14.3,1.6211,32.973,4.96646,57957594212.2216,14366.85289,52192394212.2216,12400.0,1114.3039999999999,675.097,1935.694,311.983,4037.078,6.7010000000000005
Panama,2017,2.487,78.195,13.9,1.58543,32.635,5.3212,62283756584.4322,15196.397340000001,56477556584.4322,13280.0,1122.769,683.508,1975.65,324.842,4106.769,6.4520001411438
Paraguay,2015,2.509,73.023,19.0,1.31198,39.25,3.0803700000000003,36164068797.2511,5447.11863,181378830528451.0,5670.0,2035.7120000000002,1350.162,2909.507,393.365,6688.746,5.877999999999999
Paraguay,2016,2.48,73.12,18.4,1.2898399999999999,38.974000000000004,4.3129,36054281572.3981,5360.98593,195973226842135.0,5430.0,2035.0729999999999,1351.89,2980.383,410.526,6777.871999999999,5.537999999999999
Paraguay,2017,2.4530000000000003,73.211,17.9,1.2704799999999998,38.7,5.21053,39667400816.2126,5823.76614,213878979686200.0,5470.0,2039.816,1350.213,3048.458,428.574,6867.061,5.493000030517581
Peru,2015,2.4290000000000003,74.747,12.6,1.29374,22.643,3.25137,189926516769.25,6053.11241,584106000000.0,6160.0,8556.7,5446.295999999999,14235.573,2232.165,30470.734,5.824
Peru,2016,2.4,74.983,12.1,1.25786,22.461,3.95131,191639655121.33,6031.3660899999995,619946000000.0,5950.0,8380.964,5436.726,14771.034,2337.308,30926.032000000003,5.742999999999999
Peru,2017,2.37,75.22,11.6,1.22507,22.28,2.5282299999999998,211389272242.15698,6571.92864,660656365300.0,5960.0,8289.502,5381.714,15317.03,2456.052,31444.298,5.71500015258789
Puerto Rico,2016,1.2425,79.78832,0.0,-1.9382700000000002,6.398,-1.32693,103960800000.0,30518.40675,70221800000.0,19820.0,591.179,441.21,1696.6989999999998,554.0369999999999,3283.125,7.039
Russia,2015,1.777,71.18341,7.3,0.19255999999999998,25.95,-2.82824,1363705265460.57,9314.545,80800739742756.8,11740.0,24468.863999999998,15505.251,85359.847,19651.095,144985.057,5.716
Russia,2016,1.7619999999999998,71.65122,6.9,0.17024,25.836,-0.22491,1282663609770.69,8744.9642,83628545055722.6,9710.0,25119.426,14734.225,85251.731,20170.001,145275.383,5.856
Russia,2017,1.7619999999999998,72.11901999999999,6.5,0.10687,25.708000000000002,1.64688,1578417211936.87,10749.05607,89783627682290.5,9220.0,25662.732999999997,14201.59,84908.345,20757.414,145530.082,5.962999820709231
Rwanda,2015,3.967,66.696,31.4,2.4740900000000003,82.99600000000001,8.867980000000001,8277613193.576309,711.7739799999999,5823953000000.0,710.0,4614.872,2249.448,4199.0470000000005,305.704,11369.071000000002,3.465
Rwanda,2016,3.885,67.12899999999999,30.1,2.4459,82.944,5.98131,8475681532.52169,711.19579,6506493000000.0,710.0,4705.319,2298.107,4342.664000000001,322.737,11668.827,3.515
Rwanda,2017,3.8089999999999997,67.49600000000001,28.9,2.41162,82.875,6.05783,9135454442.14013,748.29209,7429409000000.0,720.0,4808.694,2351.44,4479.398,341.42900000000003,11980.961000000001,3.47099995613098
Saudi Arabia,2015,2.5789999999999997,74.4,7.2,2.50414,16.82,4.1064099999999994,654269902880.0,20732.861719999997,2524785135800.0,23900.0,8190.404,4831.522,17737.641,958.1,31717.667,6.4110000000000005
Saudi Arabia,2016,2.532,74.561,6.7,2.25142,16.599,1.6706400000000001,644935541440.0,19982.08563,2477770280400.0,21730.0,8281.088,4862.254,18292.307,1007.798,32443.447,6.379
Saudi Arabia,2017,2.491,74.72,6.3,2.03193,16.378,-0.85661,686738400000.0,20849.29137,2619565200000.0,20090.0,8361.046999999999,4837.719,18840.681,1061.732,33101.179,6.343999862670901
Sierra Leone,2015,4.561,51.423,88.1,2.20547,59.17100000000001,-20.598770000000002,4218723875.1379,582.9362,21126586132100.0,550.0,3006.031,1450.578,2501.0229999999997,214.282,7171.914000000001,4.507
Sierra Leone,2016,4.457,51.835,84.7,2.17548,58.772,6.05547,3556036534.5692296,480.79302,20612030432900.0,480.0,3051.49,1483.7020000000002,2574.518,219.12400000000002,7328.834,4.635
Sierra Leone,2017,4.359,52.214,81.7,2.15373,58.364,4.211180000000001,3775047333.92116,499.5291,27176735000000.0,510.0,3096.954,1517.5739999999998,2650.6020000000003,223.293,7488.423000000001,4.70900011062622
Singapore,2015,1.24,82.7439,2.1,1.18638,,2.24106,304097759674.134,54940.85814,402296700000.0,54020.0,0.0,0.0,0.0,0.0,0.0,6.797999999999999
Singapore,2016,1.2,82.84634,2.2,1.29744,,2.39702,309763879840.753,55243.13288,405836500000.0,52350.0,694.789,772.27,3634.3,552.275,5653.634,6.739
Singapore,2017,1.16,82.89511999999999,2.2,0.0886,,3.6185400000000003,323907234412.34,57714.29663,431376500000.0,54530.0,697.092,750.82,3656.224,603.905,5708.041,6.57200002670288
Sudan,2015,4.595,64.257,45.9,2.38247,66.10600000000001,4.90605,97156119150.0,2513.88466,530049400000.0,2000.0,16146.248,7809.875,13607.083,1339.744,38902.95,4.55
Sudan,2016,4.532,64.486,44.8,2.38044,65.87899999999999,4.7,95584380032.2061,2415.03816,537782574000.0,2140.0,16412.408,8040.608,14003.938,1390.485,39847.439,4.138999999999999
Sudan,2017,4.468999999999999,64.69800000000001,43.7,2.3830299999999998,65.63,4.2830699999999995,117487857142.857,2898.54935,751687310000.0,2380.0,16674.16,8271.056,14425.343,1442.838,40813.397000000004,4.138999938964839
Syria,2015,2.966,69.904,14.0,-2.46785,47.832,-6.1,19090000.0,890.0,2906471000000.0,681.0,5949.143,3520.804,7809.043000000001,718.418,17997.408,3.0060000000000002
Syria,2016,2.9160000000000004,70.31,14.1,-1.63884,47.165,-4.0,12377000.0,709.0,3032991000000.0,377.0,5652.596,3374.8759999999997,7714.022,724.081,17465.575,3.069
Syria,2017,2.865,70.96300000000001,14.0,-0.8751200000000001,46.5,1.9,15183000.0,890.0,6826454492604.0,704.0,5441.472,3257.638,7658.316,738.252,17095.678,3.46199989318848
Togo,2015,4.5169999999999995,59.949,51.9,2.5659,59.9,5.74287,4179185205.1612206,563.4753599999999,2554926248945.42,630.0,3085.695,1404.295,2627.933,205.235,7323.158,2.839
Togo,2016,4.45,60.232,50.5,2.52386,59.372,5.09999,4457732624.94515,586.05225,2669312741288.75,600.0,3147.007,1443.983,2706.5429999999997,212.418,7509.951,3.303
Togo,2017,4.3839999999999995,60.477,49.2,2.48415,58.838,4.40001,4757776485.12802,610.1517299999999,2866276000000.0,610.0,3205.458,1487.526,2786.066,219.424,7698.474,3.4949998855590803
Uruguay,2015,2.0069999999999997,77.34100000000001,7.6,0.35048,4.955,0.37074,53274304222.135994,15524.84247,1414999663100.0,15830.0,719.43,518.446,1679.97,494.163,3412.009,6.485
Uruguay,2016,1.995,77.493,7.3,0.36227,4.856,1.6898,52687612261.5424,15298.35089,1542259092100.0,15200.0,717.073,515.9730000000001,1691.457,499.626,3424.1290000000004,6.545
Uruguay,2017,1.984,77.645,7.0,0.36935,4.76,2.6566799999999997,56156972157.6958,16245.59837,1645361955900.0,15250.0,714.0319999999999,512.72,1704.695,505.194,3436.6409999999996,6.4539999961853
Uzbekistan,2015,2.491,71.192,22.7,1.74426,49.25,8.0,66903804142.5395,2137.57685,175556795003000.0,2170.0,8770.030999999999,5984.195,14920.013,1255.318,30929.557,6.002999999999999
Uzbekistan,2016,2.455,71.314,21.3,1.73885,49.35,7.8,67445712840.4013,2117.74443,203816200300000.0,2230.0,8925.857,5853.576999999999,15360.117,1302.2,31441.751,5.987
Uzbekistan,2017,2.455,71.42,20.0,1.67918,49.45,5.3,49677172714.26,1533.85204,263692991560000.0,2000.0,9114.395,5700.299,15782.083,1363.0079999999998,31959.785,5.97100019454956
Venezuela,2015,2.3409999999999997,74.367,19.2,1.34671,11.845999999999998,-6.2,323595000000.0,10568.1,5813762502000.0,11047.0,8537.343,5315.071,14314.741000000002,1914.674,30081.828999999998,6.81
Venezuela,2016,2.3169999999999997,74.545,22.2,1.3170600000000001,11.835,-17.04,279249000000.0,9092.02,23135793443940.0,9420.0,8423.174,5121.321,14323.55,1983.21,29851.255,6.084
Venezuela,2017,2.294,74.726,25.7,1.28693,11.817,-15.67,143841000000.0,4755.03,285756411770680.0,8216.0,8224.056999999999,4923.725,14213.087,2041.615,29402.484,5.25
Yemen,2015,4.104,64.743,43.2,2.52025,65.223,-16.67846,45593573381.2648,1693.9078100000002,9506583989400.0,1340.0,10782.481000000002,5843.757,9130.793,740.8580000000001,26497.889,4.077
Yemen,2016,3.995,64.953,43.2,2.4515,64.60600000000001,-13.62146,36436652465.1639,1320.92413,8852628527300.0,1250.0,10966.228000000001,5903.955,9530.346,767.679,27168.208,3.7239999999999998
Yemen,2017,3.889,65.157,43.2,2.38647,63.983999999999995,-5.94232,31267675216.25,1106.8039099999999,9977464523100.0,1060.0,11134.316,5955.195,9951.56,793.748,27834.819,3.59299993515015
Zambia,2015,5.041,61.397,44.2,3.02412,58.093,2.91988,21154394545.895,1313.88965,180373800000.0,1560.0,7333.806,3236.3720000000003,4982.589,326.594,15879.361,5.129
Zambia,2016,4.981,61.873999999999995,43.0,3.0028200000000003,57.562,3.7571800000000004,20954754378.1394,1262.9896800000001,211363300000.0,1360.0,7500.735,3350.8720000000003,5173.012,338.839,16363.458,4.795
Zambia,2017,4.925,62.255,41.5,2.98512,57.023999999999994,3.40317,25868142073.452003,1513.27632,238016576100.0,1290.0,7653.45,3474.492,5374.2919999999995,351.365,16853.599,4.513999938964839
Zimbabwe,2015,3.8360000000000003,60.398,40.2,2.34564,67.615,1.77987,19963120600.0,1265.29441,17980769300.0,1120.0,5878.4490000000005,2827.98,4715.285,392.915,13814.628999999999,4.61
Zimbabwe,2016,3.76,61.163000000000004,38.2,2.33607,67.704,0.7558699999999999,20548678100.0,1272.33545,18772952300.0,1120.0,5986.053000000001,2827.7729999999997,4814.988,401.517,14030.331,4.1930000000000005
Zimbabwe,2017,3.682,61.711999999999996,36.5,2.32286,67.763,4.70404,22040902300.0,1333.39566,20079596800.0,1170.0,6064.486,2847.031,4912.759,412.319,14236.595,3.875
"Hong Kong S.A.R., China",2017,1.338,83.991,0.0,1.68461,,9.0961,50361201096.4366,80892.82132999999,371444819029.57,72050.0,82.682,70.008,408.894,61.001000000000005,622.585,5.47200012207031
Serbia,2015,1.46,75.2878,5.5,-0.49477,44.303999999999995,0.75772,37160332465.1645,5237.25533,3843937868100.0,5540.0,1434.861,1097.938,4838.771,1505.207,8876.777,5.122999999999999
Serbia,2016,1.46,75.6878,5.2,-0.52369,44.19,2.79732,38299854688.1277,5426.19828,4012540546500.0,5300.0,1414.618,1084.441,4812.264,1542.64,8853.963,5.1770000000000005
Serbia,2017,1.46,76.0878,5.0,-0.5321899999999999,44.058,1.86743,41431648801.1663,5901.22301,4153945509100.0,5180.0,1397.3670000000002,1072.316,4779.905,1580.04,8829.628,5.39499998092651
Montenegro,2015,1.6769999999999998,76.938,3.8,0.05611,34.194,3.4,4052913385.8267703,6514.2727,3734558900.0,7250.0,115.977,85.186,339.38,86.413,626.956,5.192
Montenegro,2016,1.6669999999999998,77.116,3.5,0.02314,33.859,2.9,4374130530.97345,7028.94013,3988778500.0,7090.0,114.99799999999999,84.40799999999999,339.151,88.70700000000001,627.264,5.1610000000000005
Montenegro,2017,1.6580000000000001,77.271,3.2,0.01125,33.523,4.7,4844592066.71174,7784.0652900000005,4386858600.0,7400.0,114.53200000000001,83.39,338.345,91.296,627.563,5.23699998855591
Romania,2015,1.58,75.0122,7.8,-0.47073000000000004,46.113,3.87151,177893451831.14102,8977.49854,695972390000.0,9520.0,3093.611,2218.13,11233.043,3380.3909999999996,19925.175,5.124
Romania,2016,1.64,75.30976,7.2,-0.57265,46.1,4.80081,188494136775.719,9567.09778,745074996400.0,9530.0,3053.377,2143.9570000000003,11150.098999999998,3448.8520000000003,19796.285,5.528
Romania,2017,1.64,75.30976,6.6,-0.60248,46.06399999999999,7.259989999999999,211883923504.01,10819.24402,835668352700.0,10000.0,3036.437,2085.965,11017.098,3514.469,19653.968999999997,5.824999809265139
Ukraine,2015,1.506,71.18951,8.1,-0.26081,30.939,-9.772969999999999,91030959454.6961,2124.6626699999997,1964280600000.0,2650.0,0.0,0.0,0.0,0.0,0.0,4.681
Ukraine,2016,1.466,71.47634000000001,7.8,-0.33138,30.846,2.44099,93355993628.5042,2187.732,2361440300000.0,2310.0,0.0,0.0,0.0,0.0,0.0,4.324
Ukraine,2017,1.374,71.78098,7.5,-0.38628,30.754,2.52451,112154185121.40599,2639.82433,3063066000000.0,2390.0,0.0,0.0,0.0,0.0,0.0,4.09600019454956
Tanzania,2015,5.079,64.95,41.0,3.1008299999999998,68.383,6.16063,47378599025.2894,905.75629,92556675535381.8,940.0,23003.555,10002.814,17169.697,1306.567,51482.633,3.781
Tanzania,2016,5.016,65.675,39.7,3.09245,67.667,6.86712,49774021003.0821,922.6239300000001,105946338027252.0,930.0,23610.922000000002,10293.265,17785.015,1360.0279999999998,53049.23,3.6660000000000004
Tanzania,2017,4.953,66.31,38.3,3.07924,66.947,6.78568,53320625958.5655,958.44568,116138210107187.0,920.0,24223.521,10603.021999999999,18421.558,1412.2379999999998,54660.33900000001,3.34899997711182
Suriname,2015,2.396,71.279,18.7,0.9590200000000001,33.944,-3.4111,4767414747.88691,8617.76176,16311367700.0,8770.0,156.031,98.25,267.908,36.954,559.143,6.269
Suriname,2016,2.372,71.405,18.1,0.92842,33.96,-5.56119,3152173913.04348,5645.3341,18621446400.0,6660.0,156.36700000000002,98.56299999999999,272.067,37.891,564.888,6.269
Turkmenistan,2015,2.931,67.704,43.0,1.79568,49.683,6.5,35799714285.7143,6432.68417,117969700000.0,7030.0,1694.3029999999999,1020.58,2623.637,226.767,5565.286999999999,5.547999999999999
Turkmenistan,2016,2.888,67.835,41.7,1.73252,49.272,6.2,36180000000.0,6389.35433,123290600000.0,6820.0,1745.61,997.294,2684.0409999999997,235.423,5662.368,5.6579999999999995
Turkmenistan,2017,2.8360000000000003,67.956,40.6,1.673,48.847,6.5,37926285714.2857,6586.62586,127233000000.0,6380.0,1779.713,978.6519999999999,2753.018,246.28400000000002,5757.6669999999995,5.82200002670288
Uganda,2015,5.682,59.575,39.0,3.32156,77.94,5.18786,27102650386.6012,675.1211400000001,75134234490000.0,670.0,18343.448,7837.156999999999,11325.126,719.722,38225.453,3.931
Uganda,2016,5.591,59.888999999999996,37.0,3.2908699999999995,77.376,4.781000000000001,24133664284.5033,581.70277,81455400076380.5,630.0,18902.523999999998,8156.073,11836.927,753.6419999999999,39649.166,3.739
Uganda,2017,5.5,60.181999999999995,35.4,3.2604599999999997,76.804,3.8630199999999997,25995031850.1658,606.46845,89546628379754.2,600.0,19480.004,8501.143,12394.917,790.5239999999999,41166.587999999996,4.08099985122681
Vietnam,2015,1.9580000000000002,76.05199999999999,17.3,1.10325,66.191,6.679289999999999,193241108709.536,2065.1691,3977609000000000.0,1950.0,21343.372000000003,15639.91,49523.022000000004,6170.772,92677.076,5.36
Vietnam,2016,1.954,76.253,17.0,1.06039,65.49,6.2108099999999995,205276172134.901,2170.64805,4314321000000000.0,2060.0,21571.914,15124.418,50553.42,6390.67,93640.42199999999,5.061
Vietnam,2017,1.95,76.454,16.7,1.02229,64.78699999999999,6.81225,223779865815.183,2342.244,4764958000000000.0,2160.0,21850.432999999997,14577.652,51521.165,6651.398,94600.648,5.07399988174438
Slovenia,2015,1.57,80.77561,1.9,0.07518999999999999,46.218999999999994,2.2589,43072415017.4321,20873.16111,37649330000.0,22230.0,303.844,202.09900000000002,1192.165,373.091,2071.199,5.848
Slovenia,2016,1.58,81.17560999999999,1.8,0.0732,45.98,3.14836,44708598648.8562,21650.21276,39294910000.0,21700.0,306.547,197.489,1186.844,383.33,2074.21,5.768
Slovenia,2017,1.58,81.17560999999999,1.7,0.06516,45.727,5.0008099999999995,48769655479.2388,23601.40278,42221740000.0,22030.0,309.428,193.68599999999998,1178.281,394.999,2076.394,5.75799989700317
Philippines,2015,2.958,68.95100000000001,23.0,1.5996,53.716,6.06655,292774099013.687,2878.33837,16114406405400.0,3520.0,32964.143,19863.741,44585.933,4699.395,102113.212,5.073
Philippines,2016,2.925,69.094,22.7,1.5645,53.525,6.875710000000001,304889079564.14197,2950.9139,17430338217200.0,3580.0,33091.184,20042.482,45592.685999999994,4937.464,103663.81599999999,5.279
Philippines,2017,2.8939999999999997,69.238,22.2,1.5346799999999998,53.318000000000005,6.68452,313595208736.66,2988.9527,19006673243800.0,3660.0,33095.825,20199.959,46684.652,5192.4890000000005,105172.925,5.42999982833862
Turkey,2015,2.072,75.498,11.6,1.59801,26.389,6.0859,859796691176.471,10984.80288,2312396701600.0,12000.0,20103.363,13007.676000000001,39238.997,6179.3730000000005,78529.409,5.332000000000001
Turkey,2016,2.053,75.755,10.8,1.57301,25.866,3.18382,863721731068.5079,10862.726429999999,2580797897200.0,11230.0,20215.824,13141.716,40044.181000000004,6426.15,79827.871,5.388999999999999
Turkey,2017,2.0340000000000003,76.009,10.0,1.5383,25.355999999999998,7.44123,851549299635.427,10546.152559999999,3065914795600.0,10940.0,20281.349,13287.836000000001,40850.525,6696.74,81116.45,5.5
Sweden,2015,1.85,82.20488,2.4,1.05745,13.447000000000001,4.45657,498117638852.89703,50832.55271,4255629000000.0,57900.0,1688.78,1203.549,4957.859,1914.7620000000002,9764.95,7.364
Sweden,2016,1.85,82.30731999999999,2.4,1.25645,13.148,2.68397,512205240408.433,51617.54035,4433362000000.0,54240.0,1710.318,1176.233,4997.973,1951.483,9836.007,7.291
Sweden,2017,1.85,82.30731999999999,2.3,1.34745,12.854000000000001,2.10472,535607385506.432,53253.47664,4643749000000.0,52270.0,1732.878,1145.599,5046.29,1980.129,9904.896,7.28399991989136
United Arab Emirates,2015,1.765,77.101,7.5,0.91561,14.325999999999999,5.0647,358135057862.492,39122.04971,1321651000000.0,43380.0,1311.987,988.052,6876.404,86.45700000000001,9262.9,6.901
United Arab Emirates,2016,1.7480000000000002,77.256,7.7,1.25176,14.035,2.98844,357045064669.84296,38517.80039,1318948000000.0,40950.0,1346.625,1065.667,6856.295999999999,92.39200000000001,9360.98,6.5729999999999995
United Arab Emirates,2017,1.7309999999999999,77.41199999999999,7.8,1.39836,13.752,0.7904,382575085091.899,40698.84934,1415207000000.0,39130.0,1376.0639999999999,1129.983,6882.994000000001,98.162,9487.203000000001,6.6479997634887695
South Africa,2015,2.485,61.981,31.8,1.36877,35.172,1.27955,317536830640.61896,5742.9878,3951055000000.0,6060.0,16223.292,10013.768,26363.687,2785.62,55386.367,4.6419999999999995
South Africa,2016,2.458,62.773999999999994,30.0,1.3013700000000001,34.659,0.56534,295746599722.06604,5279.73047,4229844000000.0,5490.0,16420.142,9945.056999999999,26963.368,2879.079,56207.64599999999,4.459
South Africa,2017,2.43,63.403999999999996,28.8,1.24488,34.15,1.31674,348871647959.64,6151.0779600000005,4512221000000.0,5430.0,16618.492,9883.194,27532.629,2975.441,57009.755999999994,4.8289999961853
Switzerland,2015,1.54,82.89756,3.8,1.13834,26.281999999999996,1.3333700000000002,679832291693.2571,82081.59712,669767630400.0,85800.0,1227.369,942.461,4633.747,1493.1979999999999,8296.775,7.587000000000001
Switzerland,2016,1.54,83.60244,3.8,1.0920299999999998,26.261,1.60122,670181065629.156,80037.50304,665115456300.0,82130.0,1242.9560000000001,937.6389999999999,4671.755,1527.567,8379.917,7.5089999999999995
Switzerland,2017,1.54,83.60244,3.7,0.92145,26.239,1.61669,678965423322.021,80342.84634,677790708568.0,81130.0,1257.589,931.523,4708.214,1558.4779999999998,8455.804,7.49399995803833
Tajikistan,2015,3.404,70.87899999999999,31.3,2.19868,73.258,6.008290000000001,7854602391.65355,918.81191,57821368300.0,1240.0,3029.8790000000004,1691.5720000000001,3483.615,248.96200000000002,8454.028,4.7860000000000005
Tajikistan,2016,3.36,71.051,30.3,2.15588,73.149,6.872960000000001,6952678127.03396,795.96075,63987284700.0,1110.0,3130.094,1679.285,3597.836,256.36400000000003,8663.579,4.996
Tajikistan,2017,3.313,71.214,29.4,2.11142,73.018,7.617489999999999,7146449583.026309,801.05087,70490603200.0,990.0,3237.072,1666.5639999999999,3711.759,264.873,8880.268,5.04099988937378
United States,2015,1.8435,78.69024,5.8,0.73734,18.329,2.8809099999999996,18219297000000.0,56803.470610000004,18700478000000.0,56700.0,61684.769,44498.16,167709.54,46985.84099999999,320878.31,7.119
United States,2016,1.8205,78.53902,5.7,0.7234,18.137999999999998,1.56722,18707189000000.0,57904.20432999999,19049435000000.0,57170.0,61448.439000000006,44398.287000000004,168608.082,48561.187000000005,323015.995,7.104
United States,2017,1.7655,78.53902,5.7,0.64046,17.942,2.2170099999999997,19485394000000.0,59927.93029,19872232000000.0,59160.0,0.0,0.0,0.0,0.0,0.0,6.993000030517581
Belarus,2015,1.724,73.62439,3.1,0.1593,22.819000000000003,-3.82957,56454734396.5842,5949.10631,85992994000.0,6720.0,1535.1860000000001,1060.622,5491.624,1351.991,9439.423,5.813
Belarus,2016,1.733,73.82683,2.9,0.12550999999999998,22.339000000000002,-2.52645,47749057078.1996,5025.40506,90591202200.0,5630.0,1559.8670000000002,1011.268,5512.848000000001,1361.66,9445.643,5.8020000000000005
Belarus,2017,1.541,74.12926999999999,2.8,-0.03442,21.866,2.4219,54456465472.6162,5733.30721,101223548800.0,5290.0,1578.934,965.9839999999999,5527.93,1377.3829999999998,9450.231,5.5689997673034695
Tunisia,2015,2.2230000000000003,75.525,12.0,1.15761,31.944000000000003,1.15362,43152528548.124,3827.7298299999998,82020600000.0,3930.0,2659.71,1737.191,5926.104,856.944,11179.948999999999,4.739
Tunisia,2016,2.201,75.73100000000001,11.6,1.14291,31.654,1.10839,41808379888.2682,3666.35715,87276000000.0,3720.0,2712.768,1705.485,6000.654,885.038,11303.945,5.045
Tunisia,2017,2.175,75.943,11.2,1.12386,31.358,1.95513,39952095560.8829,3464.41689,93602400000.0,3490.0,2756.789,1675.797,6080.198,920.659,11433.443000000001,4.80499982833862
Sri Lanka,2015,2.063,75.08800000000001,8.2,0.9007299999999999,81.744,5.007680000000001,80604080688.7961,3844.5140100000003,10675880000000.0,3760.0,5179.475,3125.827,10639.062,1963.6629999999998,20908.027,4.271
Sri Lanka,2016,2.046,75.28399999999999,7.8,1.12406,81.689,4.4688300000000005,81787420023.358,3857.35132,11585492000000.0,3790.0,5170.108,3116.4390000000003,10681.178,2053.446,21021.171000000002,4.415
Sri Lanka,2017,2.032,75.485,7.5,1.13022,81.616,3.3088,87357205923.1238,4073.7365200000004,12961010557000.0,3850.0,5156.737,3113.565,10718.813999999998,2138.916,21128.032000000003,4.44000005722046
Swaziland,2015,3.141,57.107,42.5,1.8296599999999998,76.7,0.39113000000000003,4020275298.0272603,3047.9467600000003,51801110200.0,3280.0,431.666,242.99,385.76300000000003,43.625,1104.0439999999999,4.867
Qatar,2015,1.929,78.036,6.9,4.4126199999999995,1.055,3.65751,161739835164.835,65177.22879,575754944000.0,75150.0,344.67400000000004,360.915,1834.5020000000002,25.619,2565.71,6.611000000000001
Qatar,2016,1.9069999999999998,78.184,6.7,3.4950699999999997,0.985,2.13131,151732142857.143,59044.24729,548267000000.0,66110.0,358.311,378.68,1887.95,29.433000000000003,2654.3740000000003,6.375
Qatar,2017,1.886,78.331,6.5,2.6650400000000003,0.922,1.57985,166928571428.57098,63249.42243,606093000000.0,60510.0,368.131,388.278,1934.747,33.571999999999996,2724.728,6.375
Senegal,2015,4.84,66.78399999999999,34.9,2.9191599999999998,54.138000000000005,6.36704,17767620058.8554,1186.32751,10277130000000.0,1290.0,6337.8009999999995,2884.953,4909.39,446.315,14578.458999999999,3.904
Senegal,2016,4.769,67.146,33.8,2.86061,53.70399999999999,6.22845,18973894458.795,1231.1426,10956275000000.0,1240.0,6503.816999999999,2954.7509999999997,5075.366,459.585,14993.518999999998,4.218999999999999
Senegal,2017,4.695,67.477,32.7,2.80839,53.26,7.153789999999999,21070225734.7861,1329.30423,11933294621000.0,1240.0,6666.764,3028.717,5249.803000000001,474.07099999999997,15419.355,4.53499984741211
Trinidad and Tobago,2015,1.766,70.556,24.5,0.41251000000000004,46.681000000000004,1.51716,24401734194.6814,17941.23794,154080258300.0,18840.0,283.365,185.535,768.95,132.47799999999998,1370.328,6.167999999999999
Trinidad and Tobago,2016,1.7519999999999998,70.673,23.8,0.35741999999999996,46.75,-5.95706,22295585700.3672,16334.21714,146703616900.0,16760.0,284.078,181.378,774.227,137.877,1377.56,6.167999999999999
Trinidad and Tobago,2017,1.739,70.783,23.1,0.30453,46.795,-2.33601,22079017626.6686,16126.37095,144678920200.0,15340.0,284.265,178.32299999999998,778.0189999999999,143.452,1384.059,6.1680002212524405
Thailand,2015,1.4980000000000002,75.10300000000001,9.0,0.35138,52.306000000000004,3.0201700000000002,401399422442.96704,5846.39461,13038034000000.0,5710.0,12350.896,9649.106,39429.375,7285.134,68714.511,6.455
Thailand,2016,1.482,75.303,8.5,0.29946999999999996,51.552,3.2826800000000005,411755164832.674,5979.29355,13851120000000.0,5700.0,12170.443000000001,9627.12,39582.723,7591.022,68971.308,6.474
Thailand,2017,1.4669999999999999,75.498,8.2,0.25235,50.8,3.9128800000000004,455302682985.757,6595.0041200000005,14735614000000.0,5950.0,12010.546999999999,9556.673,39727.089,7915.501,69209.81,6.4239997863769505
South Sudan,2016,4.855,56.81100000000001,62.5,2.89155,80.908,-13.833720000000001,2904114903.22912,237.44412000000003,121842825250.003,390.0,4579.380999999999,2192.7129999999997,3689.703,370.721,10832.518,3.832
South Sudan,2017,4.774,57.288000000000004,62.5,2.78159,80.654,0.0,0.0,0.0,0.0,0.0,4588.721,2207.806,3741.55,372.686,10910.763,3.5910000801086404
United Kingdom,2015,1.8,80.9561,3.8,0.79497,17.374000000000002,2.34912,2896420586534.4,44472.1517,1852845000000.0,43860.0,11562.303,8079.161999999999,34380.84,11837.841,65860.146,6.867000000000001
United Kingdom,2016,1.79,81.1561,3.7,0.71403,17.114,1.7892400000000002,2659238931670.25,40539.919610000004,1920116000000.0,42420.0,11661.608999999999,8014.887,34582.818999999996,12038.628999999999,66297.944,6.725
United Kingdom,2017,1.79,81.1561,3.7,0.64995,16.857,1.82293,2637866340434.13,39953.57306,2011674000000.0,40600.0,11767.393999999998,7941.638000000001,34813.219,12205.21,66727.461,6.71400022506714
Spain,2015,1.33,82.83171,2.7,-0.07758999999999999,20.398,3.64468,1199084183705.08,25817.386609999998,1078232000000.0,28460.0,6957.069,4554.312,26457.708,8702.837,46671.926,6.329
Spain,2016,1.34,83.32927,2.6,0.08337,20.16,3.17259,1237499479181.11,26622.29914,1119735000000.0,27620.0,6885.713000000001,4524.519,26405.14,8818.768,46634.14,6.361000000000001
Spain,2017,1.34,83.32927,2.6,0.23551,19.92,2.97918,1314314164402.2,28208.300410000003,1165046000000.0,27150.0,6858.729,4497.126,26360.527000000002,8931.046,46647.428,6.40299987792969
Somalia,2016,6.267,56.293,82.1,2.90437,56.184,2.89,6761998533.93861,472.27269,155259054000000.0,101.0,6659.213000000001,2927.672,4197.4529999999995,401.298,14185.636,5.44
Somalia,2017,6.171,56.714,79.7,2.92188,55.608999999999995,1.39,7052000000.0,478.34417,162177075000000.0,102.0,6820.876,3033.5,4318.474,416.329,14589.178999999998,5.151000022888179
Palestinian Territories,2015,4.075,73.29899999999999,18.6,2.92469,24.631999999999998,3.4287300000000003,12673000000.0,2865.8051100000002,14385300000.0,3260.0,1807.277,985.696,1599.578,136.615,4529.166,4.715
Palestinian Territories,2016,4.008,73.473,18.3,2.88469,24.372,4.70844,13425700000.0,2949.6880899999996,15321900000.0,3320.0,1835.116,995.8810000000001,1663.021,141.636,4635.654,4.754
Palestinian Territories,2017,3.9419999999999997,73.646,17.9,2.8847,24.105999999999998,3.1402400000000004,14498100000.0,3094.72575,16490000000.0,3340.0,1863.891,1002.57,1733.8829999999998,146.88299999999998,4747.227,4.77500009536743
